{
  "resourceType": "CodeSystem",
  "id": "time-zones",
  "meta": {
    "versionId": "1",
    "lastUpdated": "2021-05-09T14:37:17.888+10:00"
  },
  "text": {
    "status": "generated",
    "div": "\u003cdiv xmlns\u003d\"http://www.w3.org/1999/xhtml\"\u003e\u003ch2\u003eIANA Timezones\u003c/h2\u003e\u003ctt\u003ehttps://www.iana.org/time-zones\u003c/tt\u003e\u003cp\u003eCodes defined at https://www.iana.org/time-zones\u003c/p\u003e\u003c/div\u003e"
  },
  "url": "https://www.iana.org/time-zones",
  "version": "20210124",
  "name": "IANA_Timezones",
  "title": "IANA Timezones",
  "status": "draft",
  "date": "2021-01-24T00:00:00.000Z",
  "description": "Codes defined at https://www.iana.org/time-zones",
  "valueSet": "http://hl7.org/fhir/ValueSet/timezones",
  "compositional": false,
  "content": "complete",
  "count": 469,
  "concept": [
    {
      "code": "Africa/Abidjan",
      "display": "Africa/Abidjan"
    },
    {
      "code": "Africa/Accra",
      "display": "Africa/Accra"
    },
    {
      "code": "Africa/Addis_Ababa",
      "display": "Africa/Addis_Ababa"
    },
    {
      "code": "Africa/Algiers",
      "display": "Africa/Algiers"
    },
    {
      "code": "Africa/Asmara",
      "display": "Africa/Asmara"
    },
    {
      "code": "Africa/Bamako",
      "display": "Africa/Bamako"
    },
    {
      "code": "Africa/Bangui",
      "display": "Africa/Bangui"
    },
    {
      "code": "Africa/Banjul",
      "display": "Africa/Banjul"
    },
    {
      "code": "Africa/Bissau",
      "display": "Africa/Bissau"
    },
    {
      "code": "Africa/Blantyre",
      "display": "Africa/Blantyre"
    },
    {
      "code": "Africa/Brazzaville",
      "display": "Africa/Brazzaville"
    },
    {
      "code": "Africa/Bujumbura",
      "display": "Africa/Bujumbura"
    },
    {
      "code": "Africa/Cairo",
      "display": "Africa/Cairo"
    },
    {
      "code": "Africa/Casablanca",
      "display": "Africa/Casablanca"
    },
    {
      "code": "Africa/Ceuta",
      "display": "Africa/Ceuta"
    },
    {
      "code": "Africa/Conakry",
      "display": "Africa/Conakry"
    },
    {
      "code": "Africa/Dakar",
      "display": "Africa/Dakar"
    },
    {
      "code": "Africa/Dar_es_Salaam",
      "display": "Africa/Dar_es_Salaam"
    },
    {
      "code": "Africa/Djibouti",
      "display": "Africa/Djibouti"
    },
    {
      "code": "Africa/Douala",
      "display": "Africa/Douala"
    },
    {
      "code": "Africa/El_Aaiun",
      "display": "Africa/El_Aaiun"
    },
    {
      "code": "Africa/Freetown",
      "display": "Africa/Freetown"
    },
    {
      "code": "Africa/Gaborone",
      "display": "Africa/Gaborone"
    },
    {
      "code": "Africa/Harare",
      "display": "Africa/Harare"
    },
    {
      "code": "Africa/Johannesburg",
      "display": "Africa/Johannesburg"
    },
    {
      "code": "Africa/Juba",
      "display": "Africa/Juba"
    },
    {
      "code": "Africa/Kampala",
      "display": "Africa/Kampala"
    },
    {
      "code": "Africa/Khartoum",
      "display": "Africa/Khartoum"
    },
    {
      "code": "Africa/Kigali",
      "display": "Africa/Kigali"
    },
    {
      "code": "Africa/Kinshasa",
      "display": "Africa/Kinshasa"
    },
    {
      "code": "Africa/Lagos",
      "display": "Africa/Lagos"
    },
    {
      "code": "Africa/Libreville",
      "display": "Africa/Libreville"
    },
    {
      "code": "Africa/Lome",
      "display": "Africa/Lome"
    },
    {
      "code": "Africa/Luanda",
      "display": "Africa/Luanda"
    },
    {
      "code": "Africa/Lubumbashi",
      "display": "Africa/Lubumbashi"
    },
    {
      "code": "Africa/Lusaka",
      "display": "Africa/Lusaka"
    },
    {
      "code": "Africa/Malabo",
      "display": "Africa/Malabo"
    },
    {
      "code": "Africa/Maputo",
      "display": "Africa/Maputo"
    },
    {
      "code": "Africa/Maseru",
      "display": "Africa/Maseru"
    },
    {
      "code": "Africa/Mbabane",
      "display": "Africa/Mbabane"
    },
    {
      "code": "Africa/Mogadishu",
      "display": "Africa/Mogadishu"
    },
    {
      "code": "Africa/Monrovia",
      "display": "Africa/Monrovia"
    },
    {
      "code": "Africa/Nairobi",
      "display": "Africa/Nairobi"
    },
    {
      "code": "Africa/Ndjamena",
      "display": "Africa/Ndjamena"
    },
    {
      "code": "Africa/Niamey",
      "display": "Africa/Niamey"
    },
    {
      "code": "Africa/Nouakchott",
      "display": "Africa/Nouakchott"
    },
    {
      "code": "Africa/Ouagadougou",
      "display": "Africa/Ouagadougou"
    },
    {
      "code": "Africa/Porto-Novo",
      "display": "Africa/Porto-Novo"
    },
    {
      "code": "Africa/Sao_Tome",
      "display": "Africa/Sao_Tome"
    },
    {
      "code": "Africa/Timbuktu",
      "display": "Africa/Timbuktu"
    },
    {
      "code": "Africa/Tripoli",
      "display": "Africa/Tripoli"
    },
    {
      "code": "Africa/Tunis",
      "display": "Africa/Tunis"
    },
    {
      "code": "Africa/Windhoek",
      "display": "Africa/Windhoek"
    },
    {
      "code": "America/Adak",
      "display": "America/Adak"
    },
    {
      "code": "America/Anchorage",
      "display": "America/Anchorage"
    },
    {
      "code": "America/Anguilla",
      "display": "America/Anguilla"
    },
    {
      "code": "America/Antigua",
      "display": "America/Antigua"
    },
    {
      "code": "America/Araguaina",
      "display": "America/Araguaina"
    },
    {
      "code": "America/Argentina/Buenos_Aires",
      "display": "America/Argentina/Buenos_Aires"
    },
    {
      "code": "America/Argentina/Catamarca",
      "display": "America/Argentina/Catamarca"
    },
    {
      "code": "America/Argentina/ComodRivadavia",
      "display": "America/Argentina/ComodRivadavia"
    },
    {
      "code": "America/Argentina/Cordoba",
      "display": "America/Argentina/Cordoba"
    },
    {
      "code": "America/Argentina/Jujuy",
      "display": "America/Argentina/Jujuy"
    },
    {
      "code": "America/Argentina/La_Rioja",
      "display": "America/Argentina/La_Rioja"
    },
    {
      "code": "America/Argentina/Mendoza",
      "display": "America/Argentina/Mendoza"
    },
    {
      "code": "America/Argentina/Rio_Gallegos",
      "display": "America/Argentina/Rio_Gallegos"
    },
    {
      "code": "America/Argentina/Salta",
      "display": "America/Argentina/Salta"
    },
    {
      "code": "America/Argentina/San_Juan",
      "display": "America/Argentina/San_Juan"
    },
    {
      "code": "America/Argentina/San_Luis",
      "display": "America/Argentina/San_Luis"
    },
    {
      "code": "America/Argentina/Tucuman",
      "display": "America/Argentina/Tucuman"
    },
    {
      "code": "America/Argentina/Ushuaia",
      "display": "America/Argentina/Ushuaia"
    },
    {
      "code": "America/Aruba",
      "display": "America/Aruba"
    },
    {
      "code": "America/Asuncion",
      "display": "America/Asuncion"
    },
    {
      "code": "America/Atikokan",
      "display": "America/Atikokan"
    },
    {
      "code": "America/Bahia",
      "display": "America/Bahia"
    },
    {
      "code": "America/Bahia_Banderas",
      "display": "America/Bahia_Banderas"
    },
    {
      "code": "America/Barbados",
      "display": "America/Barbados"
    },
    {
      "code": "America/Belem",
      "display": "America/Belem"
    },
    {
      "code": "America/Belize",
      "display": "America/Belize"
    },
    {
      "code": "America/Blanc-Sablon",
      "display": "America/Blanc-Sablon"
    },
    {
      "code": "America/Boa_Vista",
      "display": "America/Boa_Vista"
    },
    {
      "code": "America/Bogota",
      "display": "America/Bogota"
    },
    {
      "code": "America/Boise",
      "display": "America/Boise"
    },
    {
      "code": "America/Cambridge_Bay",
      "display": "America/Cambridge_Bay"
    },
    {
      "code": "America/Campo_Grande",
      "display": "America/Campo_Grande"
    },
    {
      "code": "America/Cancun",
      "display": "America/Cancun"
    },
    {
      "code": "America/Caracas",
      "display": "America/Caracas"
    },
    {
      "code": "America/Cayenne",
      "display": "America/Cayenne"
    },
    {
      "code": "America/Cayman",
      "display": "America/Cayman"
    },
    {
      "code": "America/Chicago",
      "display": "America/Chicago"
    },
    {
      "code": "America/Chihuahua",
      "display": "America/Chihuahua"
    },
    {
      "code": "America/Coral_Harbour",
      "display": "America/Coral_Harbour"
    },
    {
      "code": "America/Costa_Rica",
      "display": "America/Costa_Rica"
    },
    {
      "code": "America/Creston",
      "display": "America/Creston"
    },
    {
      "code": "America/Cuiaba",
      "display": "America/Cuiaba"
    },
    {
      "code": "America/Curacao",
      "display": "America/Curacao"
    },
    {
      "code": "America/Danmarkshavn",
      "display": "America/Danmarkshavn"
    },
    {
      "code": "America/Dawson",
      "display": "America/Dawson"
    },
    {
      "code": "America/Dawson_Creek",
      "display": "America/Dawson_Creek"
    },
    {
      "code": "America/Denver",
      "display": "America/Denver"
    },
    {
      "code": "America/Detroit",
      "display": "America/Detroit"
    },
    {
      "code": "America/Dominica",
      "display": "America/Dominica"
    },
    {
      "code": "America/Edmonton",
      "display": "America/Edmonton"
    },
    {
      "code": "America/Eirunepe",
      "display": "America/Eirunepe"
    },
    {
      "code": "America/El_Salvador",
      "display": "America/El_Salvador"
    },
    {
      "code": "America/Ensenada",
      "display": "America/Ensenada"
    },
    {
      "code": "America/Fort_Nelson",
      "display": "America/Fort_Nelson"
    },
    {
      "code": "America/Fortaleza",
      "display": "America/Fortaleza"
    },
    {
      "code": "America/Glace_Bay",
      "display": "America/Glace_Bay"
    },
    {
      "code": "America/Goose_Bay",
      "display": "America/Goose_Bay"
    },
    {
      "code": "America/Grand_Turk",
      "display": "America/Grand_Turk"
    },
    {
      "code": "America/Grenada",
      "display": "America/Grenada"
    },
    {
      "code": "America/Guadeloupe",
      "display": "America/Guadeloupe"
    },
    {
      "code": "America/Guatemala",
      "display": "America/Guatemala"
    },
    {
      "code": "America/Guayaquil",
      "display": "America/Guayaquil"
    },
    {
      "code": "America/Guyana",
      "display": "America/Guyana"
    },
    {
      "code": "America/Halifax",
      "display": "America/Halifax"
    },
    {
      "code": "America/Havana",
      "display": "America/Havana"
    },
    {
      "code": "America/Hermosillo",
      "display": "America/Hermosillo"
    },
    {
      "code": "America/Indiana/Indianapolis",
      "display": "America/Indiana/Indianapolis"
    },
    {
      "code": "America/Indiana/Knox",
      "display": "America/Indiana/Knox"
    },
    {
      "code": "America/Indiana/Marengo",
      "display": "America/Indiana/Marengo"
    },
    {
      "code": "America/Indiana/Petersburg",
      "display": "America/Indiana/Petersburg"
    },
    {
      "code": "America/Indiana/Tell_City",
      "display": "America/Indiana/Tell_City"
    },
    {
      "code": "America/Indiana/Vevay",
      "display": "America/Indiana/Vevay"
    },
    {
      "code": "America/Indiana/Vincennes",
      "display": "America/Indiana/Vincennes"
    },
    {
      "code": "America/Indiana/Winamac",
      "display": "America/Indiana/Winamac"
    },
    {
      "code": "America/Inuvik",
      "display": "America/Inuvik"
    },
    {
      "code": "America/Iqaluit",
      "display": "America/Iqaluit"
    },
    {
      "code": "America/Jamaica",
      "display": "America/Jamaica"
    },
    {
      "code": "America/Juneau",
      "display": "America/Juneau"
    },
    {
      "code": "America/Kentucky/Louisville",
      "display": "America/Kentucky/Louisville"
    },
    {
      "code": "America/Kentucky/Monticello",
      "display": "America/Kentucky/Monticello"
    },
    {
      "code": "America/La_Paz",
      "display": "America/La_Paz"
    },
    {
      "code": "America/Lima",
      "display": "America/Lima"
    },
    {
      "code": "America/Los_Angeles",
      "display": "America/Los_Angeles"
    },
    {
      "code": "America/Maceio",
      "display": "America/Maceio"
    },
    {
      "code": "America/Managua",
      "display": "America/Managua"
    },
    {
      "code": "America/Manaus",
      "display": "America/Manaus"
    },
    {
      "code": "America/Martinique",
      "display": "America/Martinique"
    },
    {
      "code": "America/Matamoros",
      "display": "America/Matamoros"
    },
    {
      "code": "America/Mazatlan",
      "display": "America/Mazatlan"
    },
    {
      "code": "America/Menominee",
      "display": "America/Menominee"
    },
    {
      "code": "America/Merida",
      "display": "America/Merida"
    },
    {
      "code": "America/Metlakatla",
      "display": "America/Metlakatla"
    },
    {
      "code": "America/Mexico_City",
      "display": "America/Mexico_City"
    },
    {
      "code": "America/Miquelon",
      "display": "America/Miquelon"
    },
    {
      "code": "America/Moncton",
      "display": "America/Moncton"
    },
    {
      "code": "America/Monterrey",
      "display": "America/Monterrey"
    },
    {
      "code": "America/Montevideo",
      "display": "America/Montevideo"
    },
    {
      "code": "America/Montreal",
      "display": "America/Montreal"
    },
    {
      "code": "America/Montserrat",
      "display": "America/Montserrat"
    },
    {
      "code": "America/Nassau",
      "display": "America/Nassau"
    },
    {
      "code": "America/New_York",
      "display": "America/New_York"
    },
    {
      "code": "America/Nipigon",
      "display": "America/Nipigon"
    },
    {
      "code": "America/Nome",
      "display": "America/Nome"
    },
    {
      "code": "America/Noronha",
      "display": "America/Noronha"
    },
    {
      "code": "America/North_Dakota/Beulah",
      "display": "America/North_Dakota/Beulah"
    },
    {
      "code": "America/North_Dakota/Center",
      "display": "America/North_Dakota/Center"
    },
    {
      "code": "America/North_Dakota/New_Salem",
      "display": "America/North_Dakota/New_Salem"
    },
    {
      "code": "America/Nuuk",
      "display": "America/Nuuk"
    },
    {
      "code": "America/Ojinaga",
      "display": "America/Ojinaga"
    },
    {
      "code": "America/Panama",
      "display": "America/Panama"
    },
    {
      "code": "America/Pangnirtung",
      "display": "America/Pangnirtung"
    },
    {
      "code": "America/Paramaribo",
      "display": "America/Paramaribo"
    },
    {
      "code": "America/Phoenix",
      "display": "America/Phoenix"
    },
    {
      "code": "America/Port-au-Prince",
      "display": "America/Port-au-Prince"
    },
    {
      "code": "America/Port_of_Spain",
      "display": "America/Port_of_Spain"
    },
    {
      "code": "America/Porto_Velho",
      "display": "America/Porto_Velho"
    },
    {
      "code": "America/Puerto_Rico",
      "display": "America/Puerto_Rico"
    },
    {
      "code": "America/Punta_Arenas",
      "display": "America/Punta_Arenas"
    },
    {
      "code": "America/Rainy_River",
      "display": "America/Rainy_River"
    },
    {
      "code": "America/Rankin_Inlet",
      "display": "America/Rankin_Inlet"
    },
    {
      "code": "America/Recife",
      "display": "America/Recife"
    },
    {
      "code": "America/Regina",
      "display": "America/Regina"
    },
    {
      "code": "America/Resolute",
      "display": "America/Resolute"
    },
    {
      "code": "America/Rio_Branco",
      "display": "America/Rio_Branco"
    },
    {
      "code": "America/Rosario",
      "display": "America/Rosario"
    },
    {
      "code": "America/Santarem",
      "display": "America/Santarem"
    },
    {
      "code": "America/Santiago",
      "display": "America/Santiago"
    },
    {
      "code": "America/Santo_Domingo",
      "display": "America/Santo_Domingo"
    },
    {
      "code": "America/Sao_Paulo",
      "display": "America/Sao_Paulo"
    },
    {
      "code": "America/Scoresbysund",
      "display": "America/Scoresbysund"
    },
    {
      "code": "America/Sitka",
      "display": "America/Sitka"
    },
    {
      "code": "America/St_Johns",
      "display": "America/St_Johns"
    },
    {
      "code": "America/St_Kitts",
      "display": "America/St_Kitts"
    },
    {
      "code": "America/St_Lucia",
      "display": "America/St_Lucia"
    },
    {
      "code": "America/St_Thomas",
      "display": "America/St_Thomas"
    },
    {
      "code": "America/St_Vincent",
      "display": "America/St_Vincent"
    },
    {
      "code": "America/Swift_Current",
      "display": "America/Swift_Current"
    },
    {
      "code": "America/Tegucigalpa",
      "display": "America/Tegucigalpa"
    },
    {
      "code": "America/Thule",
      "display": "America/Thule"
    },
    {
      "code": "America/Thunder_Bay",
      "display": "America/Thunder_Bay"
    },
    {
      "code": "America/Tijuana",
      "display": "America/Tijuana"
    },
    {
      "code": "America/Toronto",
      "display": "America/Toronto"
    },
    {
      "code": "America/Tortola",
      "display": "America/Tortola"
    },
    {
      "code": "America/Vancouver",
      "display": "America/Vancouver"
    },
    {
      "code": "America/Whitehorse",
      "display": "America/Whitehorse"
    },
    {
      "code": "America/Winnipeg",
      "display": "America/Winnipeg"
    },
    {
      "code": "America/Yakutat",
      "display": "America/Yakutat"
    },
    {
      "code": "America/Yellowknife",
      "display": "America/Yellowknife"
    },
    {
      "code": "Antarctica/Casey",
      "display": "Antarctica/Casey"
    },
    {
      "code": "Antarctica/Davis",
      "display": "Antarctica/Davis"
    },
    {
      "code": "Antarctica/DumontDUrville",
      "display": "Antarctica/DumontDUrville"
    },
    {
      "code": "Antarctica/Macquarie",
      "display": "Antarctica/Macquarie"
    },
    {
      "code": "Antarctica/Mawson",
      "display": "Antarctica/Mawson"
    },
    {
      "code": "Antarctica/McMurdo",
      "display": "Antarctica/McMurdo"
    },
    {
      "code": "Antarctica/Palmer",
      "display": "Antarctica/Palmer"
    },
    {
      "code": "Antarctica/Rothera",
      "display": "Antarctica/Rothera"
    },
    {
      "code": "Antarctica/Syowa",
      "display": "Antarctica/Syowa"
    },
    {
      "code": "Antarctica/Troll",
      "display": "Antarctica/Troll"
    },
    {
      "code": "Antarctica/Vostok",
      "display": "Antarctica/Vostok"
    },
    {
      "code": "Asia/Aden",
      "display": "Asia/Aden"
    },
    {
      "code": "Asia/Almaty",
      "display": "Asia/Almaty"
    },
    {
      "code": "Asia/Amman",
      "display": "Asia/Amman"
    },
    {
      "code": "Asia/Anadyr",
      "display": "Asia/Anadyr"
    },
    {
      "code": "Asia/Aqtau",
      "display": "Asia/Aqtau"
    },
    {
      "code": "Asia/Aqtobe",
      "display": "Asia/Aqtobe"
    },
    {
      "code": "Asia/Ashgabat",
      "display": "Asia/Ashgabat"
    },
    {
      "code": "Asia/Atyrau",
      "display": "Asia/Atyrau"
    },
    {
      "code": "Asia/Baghdad",
      "display": "Asia/Baghdad"
    },
    {
      "code": "Asia/Bahrain",
      "display": "Asia/Bahrain"
    },
    {
      "code": "Asia/Baku",
      "display": "Asia/Baku"
    },
    {
      "code": "Asia/Bangkok",
      "display": "Asia/Bangkok"
    },
    {
      "code": "Asia/Barnaul",
      "display": "Asia/Barnaul"
    },
    {
      "code": "Asia/Beirut",
      "display": "Asia/Beirut"
    },
    {
      "code": "Asia/Bishkek",
      "display": "Asia/Bishkek"
    },
    {
      "code": "Asia/Brunei",
      "display": "Asia/Brunei"
    },
    {
      "code": "Asia/Chita",
      "display": "Asia/Chita"
    },
    {
      "code": "Asia/Choibalsan",
      "display": "Asia/Choibalsan"
    },
    {
      "code": "Asia/Chongqing",
      "display": "Asia/Chongqing"
    },
    {
      "code": "Asia/Colombo",
      "display": "Asia/Colombo"
    },
    {
      "code": "Asia/Damascus",
      "display": "Asia/Damascus"
    },
    {
      "code": "Asia/Dhaka",
      "display": "Asia/Dhaka"
    },
    {
      "code": "Asia/Dili",
      "display": "Asia/Dili"
    },
    {
      "code": "Asia/Dubai",
      "display": "Asia/Dubai"
    },
    {
      "code": "Asia/Dushanbe",
      "display": "Asia/Dushanbe"
    },
    {
      "code": "Asia/Famagusta",
      "display": "Asia/Famagusta"
    },
    {
      "code": "Asia/Gaza",
      "display": "Asia/Gaza"
    },
    {
      "code": "Asia/Hanoi",
      "display": "Asia/Hanoi"
    },
    {
      "code": "Asia/Harbin",
      "display": "Asia/Harbin"
    },
    {
      "code": "Asia/Hebron",
      "display": "Asia/Hebron"
    },
    {
      "code": "Asia/Ho_Chi_Minh",
      "display": "Asia/Ho_Chi_Minh"
    },
    {
      "code": "Asia/Hong_Kong",
      "display": "Asia/Hong_Kong"
    },
    {
      "code": "Asia/Hovd",
      "display": "Asia/Hovd"
    },
    {
      "code": "Asia/Irkutsk",
      "display": "Asia/Irkutsk"
    },
    {
      "code": "Asia/Jakarta",
      "display": "Asia/Jakarta"
    },
    {
      "code": "Asia/Jayapura",
      "display": "Asia/Jayapura"
    },
    {
      "code": "Asia/Jerusalem",
      "display": "Asia/Jerusalem"
    },
    {
      "code": "Asia/Kabul",
      "display": "Asia/Kabul"
    },
    {
      "code": "Asia/Kamchatka",
      "display": "Asia/Kamchatka"
    },
    {
      "code": "Asia/Karachi",
      "display": "Asia/Karachi"
    },
    {
      "code": "Asia/Kashgar",
      "display": "Asia/Kashgar"
    },
    {
      "code": "Asia/Kathmandu",
      "display": "Asia/Kathmandu"
    },
    {
      "code": "Asia/Khandyga",
      "display": "Asia/Khandyga"
    },
    {
      "code": "Asia/Kolkata",
      "display": "Asia/Kolkata"
    },
    {
      "code": "Asia/Krasnoyarsk",
      "display": "Asia/Krasnoyarsk"
    },
    {
      "code": "Asia/Kuala_Lumpur",
      "display": "Asia/Kuala_Lumpur"
    },
    {
      "code": "Asia/Kuching",
      "display": "Asia/Kuching"
    },
    {
      "code": "Asia/Kuwait",
      "display": "Asia/Kuwait"
    },
    {
      "code": "Asia/Macau",
      "display": "Asia/Macau"
    },
    {
      "code": "Asia/Magadan",
      "display": "Asia/Magadan"
    },
    {
      "code": "Asia/Makassar",
      "display": "Asia/Makassar"
    },
    {
      "code": "Asia/Manila",
      "display": "Asia/Manila"
    },
    {
      "code": "Asia/Muscat",
      "display": "Asia/Muscat"
    },
    {
      "code": "Asia/Nicosia",
      "display": "Asia/Nicosia"
    },
    {
      "code": "Asia/Novokuznetsk",
      "display": "Asia/Novokuznetsk"
    },
    {
      "code": "Asia/Novosibirsk",
      "display": "Asia/Novosibirsk"
    },
    {
      "code": "Asia/Omsk",
      "display": "Asia/Omsk"
    },
    {
      "code": "Asia/Oral",
      "display": "Asia/Oral"
    },
    {
      "code": "Asia/Phnom_Penh",
      "display": "Asia/Phnom_Penh"
    },
    {
      "code": "Asia/Pontianak",
      "display": "Asia/Pontianak"
    },
    {
      "code": "Asia/Pyongyang",
      "display": "Asia/Pyongyang"
    },
    {
      "code": "Asia/Qatar",
      "display": "Asia/Qatar"
    },
    {
      "code": "Asia/Qostanay",
      "display": "Asia/Qostanay"
    },
    {
      "code": "Asia/Qyzylorda",
      "display": "Asia/Qyzylorda"
    },
    {
      "code": "Asia/Riyadh",
      "display": "Asia/Riyadh"
    },
    {
      "code": "Asia/Sakhalin",
      "display": "Asia/Sakhalin"
    },
    {
      "code": "Asia/Samarkand",
      "display": "Asia/Samarkand"
    },
    {
      "code": "Asia/Seoul",
      "display": "Asia/Seoul"
    },
    {
      "code": "Asia/Shanghai",
      "display": "Asia/Shanghai"
    },
    {
      "code": "Asia/Singapore",
      "display": "Asia/Singapore"
    },
    {
      "code": "Asia/Srednekolymsk",
      "display": "Asia/Srednekolymsk"
    },
    {
      "code": "Asia/Taipei",
      "display": "Asia/Taipei"
    },
    {
      "code": "Asia/Tashkent",
      "display": "Asia/Tashkent"
    },
    {
      "code": "Asia/Tbilisi",
      "display": "Asia/Tbilisi"
    },
    {
      "code": "Asia/Tehran",
      "display": "Asia/Tehran"
    },
    {
      "code": "Asia/Tel_Aviv",
      "display": "Asia/Tel_Aviv"
    },
    {
      "code": "Asia/Thimphu",
      "display": "Asia/Thimphu"
    },
    {
      "code": "Asia/Tokyo",
      "display": "Asia/Tokyo"
    },
    {
      "code": "Asia/Tomsk",
      "display": "Asia/Tomsk"
    },
    {
      "code": "Asia/Ulaanbaatar",
      "display": "Asia/Ulaanbaatar"
    },
    {
      "code": "Asia/Urumqi",
      "display": "Asia/Urumqi"
    },
    {
      "code": "Asia/Ust-Nera",
      "display": "Asia/Ust-Nera"
    },
    {
      "code": "Asia/Vientiane",
      "display": "Asia/Vientiane"
    },
    {
      "code": "Asia/Vladivostok",
      "display": "Asia/Vladivostok"
    },
    {
      "code": "Asia/Yakutsk",
      "display": "Asia/Yakutsk"
    },
    {
      "code": "Asia/Yangon",
      "display": "Asia/Yangon"
    },
    {
      "code": "Asia/Yekaterinburg",
      "display": "Asia/Yekaterinburg"
    },
    {
      "code": "Asia/Yerevan",
      "display": "Asia/Yerevan"
    },
    {
      "code": "Atlantic/Azores",
      "display": "Atlantic/Azores"
    },
    {
      "code": "Atlantic/Bermuda",
      "display": "Atlantic/Bermuda"
    },
    {
      "code": "Atlantic/Canary",
      "display": "Atlantic/Canary"
    },
    {
      "code": "Atlantic/Cape_Verde",
      "display": "Atlantic/Cape_Verde"
    },
    {
      "code": "Atlantic/Faroe",
      "display": "Atlantic/Faroe"
    },
    {
      "code": "Atlantic/Jan_Mayen",
      "display": "Atlantic/Jan_Mayen"
    },
    {
      "code": "Atlantic/Madeira",
      "display": "Atlantic/Madeira"
    },
    {
      "code": "Atlantic/Reykjavik",
      "display": "Atlantic/Reykjavik"
    },
    {
      "code": "Atlantic/South_Georgia",
      "display": "Atlantic/South_Georgia"
    },
    {
      "code": "Atlantic/St_Helena",
      "display": "Atlantic/St_Helena"
    },
    {
      "code": "Atlantic/Stanley",
      "display": "Atlantic/Stanley"
    },
    {
      "code": "Australia/Adelaide",
      "display": "Australia/Adelaide"
    },
    {
      "code": "Australia/Brisbane",
      "display": "Australia/Brisbane"
    },
    {
      "code": "Australia/Broken_Hill",
      "display": "Australia/Broken_Hill"
    },
    {
      "code": "Australia/Currie",
      "display": "Australia/Currie"
    },
    {
      "code": "Australia/Darwin",
      "display": "Australia/Darwin"
    },
    {
      "code": "Australia/Eucla",
      "display": "Australia/Eucla"
    },
    {
      "code": "Australia/Hobart",
      "display": "Australia/Hobart"
    },
    {
      "code": "Australia/Lindeman",
      "display": "Australia/Lindeman"
    },
    {
      "code": "Australia/Lord_Howe",
      "display": "Australia/Lord_Howe"
    },
    {
      "code": "Australia/Melbourne",
      "display": "Australia/Melbourne"
    },
    {
      "code": "Australia/Perth",
      "display": "Australia/Perth"
    },
    {
      "code": "Australia/Sydney",
      "display": "Australia/Sydney"
    },
    {
      "code": "CET",
      "display": "CET"
    },
    {
      "code": "CST6CDT",
      "display": "CST6CDT"
    },
    {
      "code": "EET",
      "display": "EET"
    },
    {
      "code": "EST",
      "display": "EST"
    },
    {
      "code": "EST5EDT",
      "display": "EST5EDT"
    },
    {
      "code": "Etc/GMT",
      "display": "Etc/GMT"
    },
    {
      "code": "Etc/GMT+1",
      "display": "Etc/GMT+1"
    },
    {
      "code": "Etc/GMT+10",
      "display": "Etc/GMT+10"
    },
    {
      "code": "Etc/GMT+11",
      "display": "Etc/GMT+11"
    },
    {
      "code": "Etc/GMT+12",
      "display": "Etc/GMT+12"
    },
    {
      "code": "Etc/GMT+2",
      "display": "Etc/GMT+2"
    },
    {
      "code": "Etc/GMT+3",
      "display": "Etc/GMT+3"
    },
    {
      "code": "Etc/GMT+4",
      "display": "Etc/GMT+4"
    },
    {
      "code": "Etc/GMT+5",
      "display": "Etc/GMT+5"
    },
    {
      "code": "Etc/GMT+6",
      "display": "Etc/GMT+6"
    },
    {
      "code": "Etc/GMT+7",
      "display": "Etc/GMT+7"
    },
    {
      "code": "Etc/GMT+8",
      "display": "Etc/GMT+8"
    },
    {
      "code": "Etc/GMT+9",
      "display": "Etc/GMT+9"
    },
    {
      "code": "Etc/GMT-1",
      "display": "Etc/GMT-1"
    },
    {
      "code": "Etc/GMT-10",
      "display": "Etc/GMT-10"
    },
    {
      "code": "Etc/GMT-11",
      "display": "Etc/GMT-11"
    },
    {
      "code": "Etc/GMT-12",
      "display": "Etc/GMT-12"
    },
    {
      "code": "Etc/GMT-13",
      "display": "Etc/GMT-13"
    },
    {
      "code": "Etc/GMT-14",
      "display": "Etc/GMT-14"
    },
    {
      "code": "Etc/GMT-2",
      "display": "Etc/GMT-2"
    },
    {
      "code": "Etc/GMT-3",
      "display": "Etc/GMT-3"
    },
    {
      "code": "Etc/GMT-4",
      "display": "Etc/GMT-4"
    },
    {
      "code": "Etc/GMT-5",
      "display": "Etc/GMT-5"
    },
    {
      "code": "Etc/GMT-6",
      "display": "Etc/GMT-6"
    },
    {
      "code": "Etc/GMT-7",
      "display": "Etc/GMT-7"
    },
    {
      "code": "Etc/GMT-8",
      "display": "Etc/GMT-8"
    },
    {
      "code": "Etc/GMT-9",
      "display": "Etc/GMT-9"
    },
    {
      "code": "Etc/UTC",
      "display": "Etc/UTC"
    },
    {
      "code": "Europe/Amsterdam",
      "display": "Europe/Amsterdam"
    },
    {
      "code": "Europe/Andorra",
      "display": "Europe/Andorra"
    },
    {
      "code": "Europe/Astrakhan",
      "display": "Europe/Astrakhan"
    },
    {
      "code": "Europe/Athens",
      "display": "Europe/Athens"
    },
    {
      "code": "Europe/Belfast",
      "display": "Europe/Belfast"
    },
    {
      "code": "Europe/Belgrade",
      "display": "Europe/Belgrade"
    },
    {
      "code": "Europe/Berlin",
      "display": "Europe/Berlin"
    },
    {
      "code": "Europe/Brussels",
      "display": "Europe/Brussels"
    },
    {
      "code": "Europe/Bucharest",
      "display": "Europe/Bucharest"
    },
    {
      "code": "Europe/Budapest",
      "display": "Europe/Budapest"
    },
    {
      "code": "Europe/Chisinau",
      "display": "Europe/Chisinau"
    },
    {
      "code": "Europe/Copenhagen",
      "display": "Europe/Copenhagen"
    },
    {
      "code": "Europe/Dublin",
      "display": "Europe/Dublin"
    },
    {
      "code": "Europe/Gibraltar",
      "display": "Europe/Gibraltar"
    },
    {
      "code": "Europe/Guernsey",
      "display": "Europe/Guernsey"
    },
    {
      "code": "Europe/Helsinki",
      "display": "Europe/Helsinki"
    },
    {
      "code": "Europe/Isle_of_Man",
      "display": "Europe/Isle_of_Man"
    },
    {
      "code": "Europe/Istanbul",
      "display": "Europe/Istanbul"
    },
    {
      "code": "Europe/Jersey",
      "display": "Europe/Jersey"
    },
    {
      "code": "Europe/Kaliningrad",
      "display": "Europe/Kaliningrad"
    },
    {
      "code": "Europe/Kiev",
      "display": "Europe/Kiev"
    },
    {
      "code": "Europe/Kirov",
      "display": "Europe/Kirov"
    },
    {
      "code": "Europe/Lisbon",
      "display": "Europe/Lisbon"
    },
    {
      "code": "Europe/Ljubljana",
      "display": "Europe/Ljubljana"
    },
    {
      "code": "Europe/London",
      "display": "Europe/London"
    },
    {
      "code": "Europe/Luxembourg",
      "display": "Europe/Luxembourg"
    },
    {
      "code": "Europe/Madrid",
      "display": "Europe/Madrid"
    },
    {
      "code": "Europe/Malta",
      "display": "Europe/Malta"
    },
    {
      "code": "Europe/Minsk",
      "display": "Europe/Minsk"
    },
    {
      "code": "Europe/Monaco",
      "display": "Europe/Monaco"
    },
    {
      "code": "Europe/Moscow",
      "display": "Europe/Moscow"
    },
    {
      "code": "Europe/Oslo",
      "display": "Europe/Oslo"
    },
    {
      "code": "Europe/Paris",
      "display": "Europe/Paris"
    },
    {
      "code": "Europe/Prague",
      "display": "Europe/Prague"
    },
    {
      "code": "Europe/Riga",
      "display": "Europe/Riga"
    },
    {
      "code": "Europe/Rome",
      "display": "Europe/Rome"
    },
    {
      "code": "Europe/Samara",
      "display": "Europe/Samara"
    },
    {
      "code": "Europe/Sarajevo",
      "display": "Europe/Sarajevo"
    },
    {
      "code": "Europe/Saratov",
      "display": "Europe/Saratov"
    },
    {
      "code": "Europe/Simferopol",
      "display": "Europe/Simferopol"
    },
    {
      "code": "Europe/Skopje",
      "display": "Europe/Skopje"
    },
    {
      "code": "Europe/Sofia",
      "display": "Europe/Sofia"
    },
    {
      "code": "Europe/Stockholm",
      "display": "Europe/Stockholm"
    },
    {
      "code": "Europe/Tallinn",
      "display": "Europe/Tallinn"
    },
    {
      "code": "Europe/Tirane",
      "display": "Europe/Tirane"
    },
    {
      "code": "Europe/Tiraspol",
      "display": "Europe/Tiraspol"
    },
    {
      "code": "Europe/Ulyanovsk",
      "display": "Europe/Ulyanovsk"
    },
    {
      "code": "Europe/Uzhgorod",
      "display": "Europe/Uzhgorod"
    },
    {
      "code": "Europe/Vaduz",
      "display": "Europe/Vaduz"
    },
    {
      "code": "Europe/Vienna",
      "display": "Europe/Vienna"
    },
    {
      "code": "Europe/Vilnius",
      "display": "Europe/Vilnius"
    },
    {
      "code": "Europe/Volgograd",
      "display": "Europe/Volgograd"
    },
    {
      "code": "Europe/Warsaw",
      "display": "Europe/Warsaw"
    },
    {
      "code": "Europe/Zagreb",
      "display": "Europe/Zagreb"
    },
    {
      "code": "Europe/Zaporozhye",
      "display": "Europe/Zaporozhye"
    },
    {
      "code": "Europe/Zurich",
      "display": "Europe/Zurich"
    },
    {
      "code": "Factory",
      "display": "Factory"
    },
    {
      "code": "HST",
      "display": "HST"
    },
    {
      "code": "Indian/Antananarivo",
      "display": "Indian/Antananarivo"
    },
    {
      "code": "Indian/Chagos",
      "display": "Indian/Chagos"
    },
    {
      "code": "Indian/Christmas",
      "display": "Indian/Christmas"
    },
    {
      "code": "Indian/Cocos",
      "display": "Indian/Cocos"
    },
    {
      "code": "Indian/Comoro",
      "display": "Indian/Comoro"
    },
    {
      "code": "Indian/Kerguelen",
      "display": "Indian/Kerguelen"
    },
    {
      "code": "Indian/Mahe",
      "display": "Indian/Mahe"
    },
    {
      "code": "Indian/Maldives",
      "display": "Indian/Maldives"
    },
    {
      "code": "Indian/Mauritius",
      "display": "Indian/Mauritius"
    },
    {
      "code": "Indian/Mayotte",
      "display": "Indian/Mayotte"
    },
    {
      "code": "Indian/Reunion",
      "display": "Indian/Reunion"
    },
    {
      "code": "MET",
      "display": "MET"
    },
    {
      "code": "MST",
      "display": "MST"
    },
    {
      "code": "MST7MDT",
      "display": "MST7MDT"
    },
    {
      "code": "PST8PDT",
      "display": "PST8PDT"
    },
    {
      "code": "Pacific/Apia",
      "display": "Pacific/Apia"
    },
    {
      "code": "Pacific/Auckland",
      "display": "Pacific/Auckland"
    },
    {
      "code": "Pacific/Bougainville",
      "display": "Pacific/Bougainville"
    },
    {
      "code": "Pacific/Chatham",
      "display": "Pacific/Chatham"
    },
    {
      "code": "Pacific/Chuuk",
      "display": "Pacific/Chuuk"
    },
    {
      "code": "Pacific/Easter",
      "display": "Pacific/Easter"
    },
    {
      "code": "Pacific/Efate",
      "display": "Pacific/Efate"
    },
    {
      "code": "Pacific/Enderbury",
      "display": "Pacific/Enderbury"
    },
    {
      "code": "Pacific/Fakaofo",
      "display": "Pacific/Fakaofo"
    },
    {
      "code": "Pacific/Fiji",
      "display": "Pacific/Fiji"
    },
    {
      "code": "Pacific/Funafuti",
      "display": "Pacific/Funafuti"
    },
    {
      "code": "Pacific/Galapagos",
      "display": "Pacific/Galapagos"
    },
    {
      "code": "Pacific/Gambier",
      "display": "Pacific/Gambier"
    },
    {
      "code": "Pacific/Guadalcanal",
      "display": "Pacific/Guadalcanal"
    },
    {
      "code": "Pacific/Guam",
      "display": "Pacific/Guam"
    },
    {
      "code": "Pacific/Honolulu",
      "display": "Pacific/Honolulu"
    },
    {
      "code": "Pacific/Johnston",
      "display": "Pacific/Johnston"
    },
    {
      "code": "Pacific/Kiritimati",
      "display": "Pacific/Kiritimati"
    },
    {
      "code": "Pacific/Kosrae",
      "display": "Pacific/Kosrae"
    },
    {
      "code": "Pacific/Kwajalein",
      "display": "Pacific/Kwajalein"
    },
    {
      "code": "Pacific/Majuro",
      "display": "Pacific/Majuro"
    },
    {
      "code": "Pacific/Marquesas",
      "display": "Pacific/Marquesas"
    },
    {
      "code": "Pacific/Midway",
      "display": "Pacific/Midway"
    },
    {
      "code": "Pacific/Nauru",
      "display": "Pacific/Nauru"
    },
    {
      "code": "Pacific/Niue",
      "display": "Pacific/Niue"
    },
    {
      "code": "Pacific/Norfolk",
      "display": "Pacific/Norfolk"
    },
    {
      "code": "Pacific/Noumea",
      "display": "Pacific/Noumea"
    },
    {
      "code": "Pacific/Pago_Pago",
      "display": "Pacific/Pago_Pago"
    },
    {
      "code": "Pacific/Palau",
      "display": "Pacific/Palau"
    },
    {
      "code": "Pacific/Pitcairn",
      "display": "Pacific/Pitcairn"
    },
    {
      "code": "Pacific/Pohnpei",
      "display": "Pacific/Pohnpei"
    },
    {
      "code": "Pacific/Port_Moresby",
      "display": "Pacific/Port_Moresby"
    },
    {
      "code": "Pacific/Rarotonga",
      "display": "Pacific/Rarotonga"
    },
    {
      "code": "Pacific/Saipan",
      "display": "Pacific/Saipan"
    },
    {
      "code": "Pacific/Tahiti",
      "display": "Pacific/Tahiti"
    },
    {
      "code": "Pacific/Tarawa",
      "display": "Pacific/Tarawa"
    },
    {
      "code": "Pacific/Tongatapu",
      "display": "Pacific/Tongatapu"
    },
    {
      "code": "Pacific/Wake",
      "display": "Pacific/Wake"
    },
    {
      "code": "Pacific/Wallis",
      "display": "Pacific/Wallis"
    },
    {
      "code": "WET",
      "display": "WET"
    }
  ]
}