{
  "resourceType" : "ValueSet",
  "id" : "2.16.840.1.114222.4.11.7159",
  "meta" : {
    "source" : "https://phinvads.cdc.gov/vads/ViewValueSet.action?oid=2.16.840.1.114222.4.11.7159"
  },
  "url" : "http://phinvads.cdc.gov/fhir/ValueSet/2.16.840.1.114222.4.11.7159",
  "version" : "1",
  "name" : "PHVS_MexicanHealthJurisdictions_BIDS",
  "title" : "Mexican Health Jurisdictions (BIDS)",
  "status" : "active",
  "date" : "2013-01-07T00:11:00+11:00",
  "description" : "Defines Mexican Health Jurisdictions",
  "compose" : {
    "include" : [{
      "system" : "urn:oid:2.16.840.1.114222.4.5.308",
      "version" : "1",
      "concept" : [{
        "code" : "GUA-Jur04",
        "display" : "Acambaro"
      },
      {
        "code" : "GRO-Jur07",
        "display" : "Acapulco"
      },
      {
        "code" : "PUE-Jur08",
        "display" : "Acatlan"
      },
      {
        "code" : "HID-Jur07",
        "display" : "Actopan"
      },
      {
        "code" : "COA-Jur02",
        "display" : "Acuna"
      },
      {
        "code" : "AGU-Jur01",
        "display" : "Aguascalientes"
      },
      {
        "code" : "TAM-Jur12",
        "display" : "Altamira"
      },
      {
        "code" : "DIF-Jur05",
        "display" : "Alvaro Obregon"
      },
      {
        "code" : "JAL-Jur09",
        "display" : "Ameca"
      },
      {
        "code" : "MEX-Jur16",
        "display" : "Amecameca"
      },
      {
        "code" : "HID-Jur11",
        "display" : "Apan"
      },
      {
        "code" : "MIC-Jur07",
        "display" : "Apatzingan"
      },
      {
        "code" : "TLA-Jur03",
        "display" : "Apizaco"
      },
      {
        "code" : "MEX-Jur10",
        "display" : "Atizapan de Zaragoza"
      },
      {
        "code" : "MEX-Jur01",
        "display" : "Atlacomulco"
      },
      {
        "code" : "JAL-Jur07",
        "display" : "Autlan"
      },
      {
        "code" : "DIF-Jur02",
        "display" : "Azcapotzalco"
      },
      {
        "code" : "TAB-Jur01",
        "display" : "Balancan"
      },
      {
        "code" : "DIF-Jur14",
        "display" : "Benito Juarez"
      },
      {
        "code" : "SON-Jur02",
        "display" : "Caborca"
      },
      {
        "code" : "QUE-Jur03",
        "display" : "Cadereyta de Montes"
      },
      {
        "code" : "NLE-Jur06",
        "display" : "Cadereyta Jimenez"
      },
      {
        "code" : "SON-Jur04",
        "display" : "Cajeme"
      },
      {
        "code" : "AGU-Jur03",
        "display" : "Calvillo"
      },
      {
        "code" : "CHH-Jur06",
        "display" : "Camargo"
      },
      {
        "code" : "CAM-Jur01",
        "display" : "Campeche"
      },
      {
        "code" : "SON-Jur03",
        "display" : "Cananea"
      },
      {
        "code" : "TAB-Jur02",
        "display" : "Cardenas"
      },
      {
        "code" : "CAM-Jur03",
        "display" : "Carmen"
      },
      {
        "code" : "GUA-Jur03",
        "display" : "Celaya"
      },
      {
        "code" : "TAB-Jur03",
        "display" : "Centla"
      },
      {
        "code" : "TAB-Jur04",
        "display" : "Centro"
      },
      {
        "code" : "GRO-Jur03",
        "display" : "Centro"
      },
      {
        "code" : "JAL-Jur13",
        "display" : "Centro Guadalajara"
      },
      {
        "code" : "JAL-Jur12",
        "display" : "Centro Tlaquepaque"
      },
      {
        "code" : "JAL-Jur11",
        "display" : "Centro Tonala"
      },
      {
        "code" : "JAL-Jur10",
        "display" : "Centro Zapopan"
      },
      {
        "code" : "ROO-Jur01",
        "display" : "Chetumal"
      },
      {
        "code" : "PUE-Jur02",
        "display" : "Chignahuapan"
      },
      {
        "code" : "CHH-Jur01",
        "display" : "Chihuahua"
      },
      {
        "code" : "JAL-Jur06",
        "display" : "Ciudad Guzman"
      },
      {
        "code" : "SLP-Jur05",
        "display" : "Ciudad Valles"
      },
      {
        "code" : "VER-Jur11",
        "display" : "Coatzacoalcos"
      },
      {
        "code" : "COL-Jur01",
        "display" : "Colima"
      },
      {
        "code" : "JAL-Jur01",
        "display" : "Colotlan"
      },
      {
        "code" : "TAB-Jur05",
        "display" : "Comalcalco"
      },
      {
        "code" : "CHP-Jur03",
        "display" : "Comitan"
      },
      {
        "code" : "BCS-Jur01",
        "display" : "Comondu"
      },
      {
        "code" : "NAY-Jur02",
        "display" : "Compostela"
      },
      {
        "code" : "ZAC-Jur07",
        "display" : "Concepcion del Oro"
      },
      {
        "code" : "VER-Jur06",
        "display" : "Cordoba"
      },
      {
        "code" : "VER-Jur09",
        "display" : "Cosamaloapan"
      },
      {
        "code" : "OAX-Jur04",
        "display" : "Costa"
      },
      {
        "code" : "GRO-Jur06",
        "display" : "Costa Chica"
      },
      {
        "code" : "GRO-Jur05",
        "display" : "Costa Grande"
      },
      {
        "code" : "DIF-Jur04",
        "display" : "Coyoacan"
      },
      {
        "code" : "CHH-Jur07",
        "display" : "Creel"
      },
      {
        "code" : "DIF-Jur07",
        "display" : "Cuajimalpa"
      },
      {
        "code" : "COA-Jur05",
        "display" : "Cuatrocienegas"
      },
      {
        "code" : "DIF-Jur15",
        "display" : "Cuauhtemoc"
      },
      {
        "code" : "CHH-Jur04",
        "display" : "Cuauhtemoc"
      },
      {
        "code" : "MEX-Jur11",
        "display" : "Cuautitlan"
      },
      {
        "code" : "MOR-Jur03",
        "display" : "Cuautla"
      },
      {
        "code" : "MOR-Jur01",
        "display" : "Cuernavaca"
      },
      {
        "code" : "SIN-Jur04",
        "display" : "Culiacan"
      },
      {
        "code" : "TAB-Jur06",
        "display" : "Cunduacan"
      },
      {
        "code" : "NLE-Jur08",
        "display" : "Doctor Arroyo"
      },
      {
        "code" : "DUR-Jur01",
        "display" : "Durango"
      },
      {
        "code" : "MEX-Jur17",
        "display" : "Ecatepec"
      },
      {
        "code" : "CHH-Jur08",
        "display" : "El Fuerte"
      },
      {
        "code" : "TAB-Jur07",
        "display" : "Emiliano Zapata"
      },
      {
        "code" : "BCN-Jur03",
        "display" : "Ensenada"
      },
      {
        "code" : "CAM-Jur02",
        "display" : "Escarcega"
      },
      {
        "code" : "SIN-Jur06",
        "display" : "Escuinapa"
      },
      {
        "code" : "ROO-Jur03",
        "display" : "Felipe Carrillo Puerto"
      },
      {
        "code" : "COA-Jur07",
        "display" : "Francisco I. Madero"
      },
      {
        "code" : "ZAC-Jur03",
        "display" : "Fresnillo"
      },
      {
        "code" : "CHH-Jur41",
        "display" : "Gomez Farias"
      },
      {
        "code" : "DUR-Jur02",
        "display" : "Gomez Palacio"
      },
      {
        "code" : "CHH-Jur71",
        "display" : "Guachochi"
      },
      {
        "code" : "NLE-Jur04",
        "display" : "Guadalupe"
      },
      {
        "code" : "SIN-Jur03",
        "display" : "Guamuchil"
      },
      {
        "code" : "GUA-Jur01",
        "display" : "Guanajuato"
      },
      {
        "code" : "SIN-Jur02",
        "display" : "Guasave"
      },
      {
        "code" : "DIF-Jur01",
        "display" : "Gustavo A. Madero"
      },
      {
        "code" : "SON-Jur01",
        "display" : "Hermosillo"
      },
      {
        "code" : "PUE-Jur01",
        "display" : "Huachinango"
      },
      {
        "code" : "TLA-Jur02",
        "display" : "Huamantla"
      },
      {
        "code" : "PUE-Jur05",
        "display" : "Huejotzingo"
      },
      {
        "code" : "HID-Jur10",
        "display" : "Huejutla"
      },
      {
        "code" : "HID-Jur04",
        "display" : "Huichapan"
      },
      {
        "code" : "TAB-Jur08",
        "display" : "Huimanguillo"
      },
      {
        "code" : "GUA-Jur06",
        "display" : "Irapuato"
      },
      {
        "code" : "OAX-Jur02",
        "display" : "Istmo"
      },
      {
        "code" : "HID-Jur06",
        "display" : "Ixmiquilpan"
      },
      {
        "code" : "MEX-Jur02",
        "display" : "Ixtlahuaca"
      },
      {
        "code" : "DIF-Jur03",
        "display" : "Iztacalco"
      },
      {
        "code" : "DIF-Jur09",
        "display" : "Iztapalapa"
      },
      {
        "code" : "PUE-Jur07",
        "display" : "Izucar de Matamoros"
      },
      {
        "code" : "TAB-Jur09",
        "display" : "Jalapa"
      },
      {
        "code" : "ZAC-Jur05",
        "display" : "Jalpa"
      },
      {
        "code" : "TAB-Jur10",
        "display" : "Jalpa de Mendez"
      },
      {
        "code" : "QUE-Jur04",
        "display" : "Jalpan de Serra"
      },
      {
        "code" : "TAM-Jur08",
        "display" : "Jaumave"
      },
      {
        "code" : "MEX-Jur03",
        "display" : "Jilotepec"
      },
      {
        "code" : "TAB-Jur11",
        "display" : "Jonuta"
      },
      {
        "code" : "ROO-Jur02",
        "display" : "Juarez"
      },
      {
        "code" : "CHH-Jur02",
        "display" : "Juarez"
      },
      {
        "code" : "JAL-Jur04",
        "display" : "La Barca"
      },
      {
        "code" : "BCS-Jur03",
        "display" : "La Paz"
      },
      {
        "code" : "MIC-Jur06",
        "display" : "La Piedad"
      },
      {
        "code" : "JAL-Jur02",
        "display" : "Lagos de Moreno"
      },
      {
        "code" : "MIC-Jur08",
        "display" : "Lazaro Cardenas"
      },
      {
        "code" : "GUA-Jur07",
        "display" : "Leon"
      },
      {
        "code" : "BCS-Jur04",
        "display" : "Los Cabos"
      },
      {
        "code" : "SIN-Jur01",
        "display" : "Los Mochis"
      },
      {
        "code" : "TAB-Jur12",
        "display" : "Macuspana"
      },
      {
        "code" : "DIF-Jur06",
        "display" : "Magdalena Contreras"
      },
      {
        "code" : "TAM-Jur06",
        "display" : "Mante"
      },
      {
        "code" : "COL-Jur03",
        "display" : "Manzanillo"
      },
      {
        "code" : "VER-Jur04",
        "display" : "Martinez de la Torre"
      },
      {
        "code" : "TAM-Jur03",
        "display" : "Matamoros"
      },
      {
        "code" : "SLP-Jur02",
        "display" : "Matehuala"
      },
      {
        "code" : "SIN-Jur05",
        "display" : "Mazatlan"
      },
      {
        "code" : "YUC-Jur01",
        "display" : "Merida"
      },
      {
        "code" : "HID-Jur08",
        "display" : "Metztitlan"
      },
      {
        "code" : "BCN-Jur01",
        "display" : "Mexicali"
      },
      {
        "code" : "TAM-Jur09",
        "display" : "Miguel Aleman"
      },
      {
        "code" : "DIF-Jur13",
        "display" : "Miguel Hidalgo"
      },
      {
        "code" : "DIF-Jur11",
        "display" : "Milpa Alta"
      },
      {
        "code" : "OAX-Jur05",
        "display" : "Mixteca"
      },
      {
        "code" : "HID-Jur09",
        "display" : "Molango"
      },
      {
        "code" : "COA-Jur04",
        "display" : "Monclova"
      },
      {
        "code" : "GRO-Jur04",
        "display" : "Montana"
      },
      {
        "code" : "NLE-Jur07",
        "display" : "Montemorelos"
      },
      {
        "code" : "NLE-Jur01",
        "display" : "Monterrey"
      },
      {
        "code" : "MIC-Jur01",
        "display" : "Morelia"
      },
      {
        "code" : "CHP-Jur10",
        "display" : "Motozintla"
      },
      {
        "code" : "BCS-Jur02",
        "display" : "Mulege"
      },
      {
        "code" : "TAB-Jur13",
        "display" : "Nacajuca"
      },
      {
        "code" : "MEX-Jur12",
        "display" : "Naucalpan"
      },
      {
        "code" : "SON-Jur05",
        "display" : "Navojoa"
      },
      {
        "code" : "MEX-Jur18",
        "display" : "Netzahualcoyotl"
      },
      {
        "code" : "GRO-Jur02",
        "display" : "Norte"
      },
      {
        "code" : "CHH-Jur05",
        "display" : "Nuevo Casas Grandes"
      },
      {
        "code" : "TAM-Jur05",
        "display" : "Nuevo Laredo"
      },
      {
        "code" : "CHP-Jur09",
        "display" : "Ocosingo"
      },
      {
        "code" : "CHH-Jur11",
        "display" : "Ojinaga"
      },
      {
        "code" : "ZAC-Jur02",
        "display" : "Ojocaliente"
      },
      {
        "code" : "VER-Jur07",
        "display" : "Orizaba"
      },
      {
        "code" : "HID-Jur01",
        "display" : "Pachuca"
      },
      {
        "code" : "TAM-Jur11",
        "display" : "Padilla"
      },
      {
        "code" : "CHP-Jur06",
        "display" : "Palenque"
      },
      {
        "code" : "VER-Jur01",
        "display" : "Panuco"
      },
      {
        "code" : "TAB-Jur14",
        "display" : "Paraiso"
      },
      {
        "code" : "CHH-Jur03",
        "display" : "Parral"
      },
      {
        "code" : "MIC-Jur04",
        "display" : "Patzcuaro"
      },
      {
        "code" : "CHP-Jur05",
        "display" : "Pichucalco"
      },
      {
        "code" : "COA-Jur01",
        "display" : "Piedras Negras"
      },
      {
        "code" : "VER-Jur03",
        "display" : "Poza Rica"
      },
      {
        "code" : "PUE-Jur06",
        "display" : "Puebla"
      },
      {
        "code" : "JAL-Jur08",
        "display" : "Puerto Vallarta"
      },
      {
        "code" : "QUE-Jur01",
        "display" : "Queretaro"
      },
      {
        "code" : "TAM-Jur04",
        "display" : "Reynosa"
      },
      {
        "code" : "AGU-Jur02",
        "display" : "Rincon de Romos"
      },
      {
        "code" : "ZAC-Jur04",
        "display" : "Rio Grande"
      },
      {
        "code" : "SLP-Jur04",
        "display" : "Rio Verde"
      },
      {
        "code" : "DUR-Jur04",
        "display" : "Rodeo"
      },
      {
        "code" : "COA-Jur03",
        "display" : "Sabinas"
      },
      {
        "code" : "NLE-Jur05",
        "display" : "Sabinas Hidalgo"
      },
      {
        "code" : "GUA-Jur05",
        "display" : "Salamanca"
      },
      {
        "code" : "COA-Jur08",
        "display" : "Saltillo"
      },
      {
        "code" : "VER-Jur10",
        "display" : "San Andres Tuxtla"
      },
      {
        "code" : "CHP-Jur02",
        "display" : "San Cristobal de las Casas"
      },
      {
        "code" : "TAM-Jur07",
        "display" : "San Fernando"
      },
      {
        "code" : "GUA-Jur08",
        "display" : "San Francisco Rincon"
      },
      {
        "code" : "QUE-Jur02",
        "display" : "San Juan del Rio"
      },
      {
        "code" : "SLP-Jur01",
        "display" : "San Luis Potosi"
      },
      {
        "code" : "GUA-Jur02",
        "display" : "San Miguel de Allende"
      },
      {
        "code" : "NLE-Jur02",
        "display" : "San Nicolas"
      },
      {
        "code" : "PUE-Jur04",
        "display" : "San Salvador El Seco"
      },
      {
        "code" : "DUR-Jur03",
        "display" : "Santiago Papasquiaro"
      },
      {
        "code" : "OAX-Jur06",
        "display" : "Sierra"
      },
      {
        "code" : "SLP-Jur03",
        "display" : "Soledad de Graciano Sanchez"
      },
      {
        "code" : "NLE-Jur03",
        "display" : "Sta Catarina"
      },
      {
        "code" : "TAB-Jur15",
        "display" : "Tacotalpa"
      },
      {
        "code" : "JAL-Jur05",
        "display" : "Tamazula"
      },
      {
        "code" : "SLP-Jur06",
        "display" : "Tamazunchale"
      },
      {
        "code" : "TAM-Jur02",
        "display" : "Tampico"
      },
      {
        "code" : "CHP-Jur07",
        "display" : "Tapachula"
      },
      {
        "code" : "TAB-Jur16",
        "display" : "Teapa"
      },
      {
        "code" : "COL-Jur02",
        "display" : "Tecoman"
      },
      {
        "code" : "PUE-Jur10",
        "display" : "Tehuacan"
      },
      {
        "code" : "MEX-Jur07",
        "display" : "Tejupilco"
      },
      {
        "code" : "MEX-Jur08",
        "display" : "Tenancingo"
      },
      {
        "code" : "MEX-Jur04",
        "display" : "Tenango del Valle"
      },
      {
        "code" : "TAB-Jur17",
        "display" : "Tenosique"
      },
      {
        "code" : "MEX-Jur13",
        "display" : "Teotihuacan"
      },
      {
        "code" : "JAL-Jur03",
        "display" : "Tepatitlan"
      },
      {
        "code" : "HID-Jur13",
        "display" : "Tepehua"
      },
      {
        "code" : "PUE-Jur09",
        "display" : "Tepexi de Rodriguez"
      },
      {
        "code" : "NAY-Jur01",
        "display" : "Tepic"
      },
      {
        "code" : "MEX-Jur19",
        "display" : "Texcoco"
      },
      {
        "code" : "YUC-Jur03",
        "display" : "Ticul"
      },
      {
        "code" : "GRO-Jur01",
        "display" : "Tierra Caliente"
      },
      {
        "code" : "BCN-Jur02",
        "display" : "Tijuana"
      },
      {
        "code" : "HID-Jur12",
        "display" : "Tizayuca"
      },
      {
        "code" : "DIF-Jur12",
        "display" : "Tlahuac"
      },
      {
        "code" : "DIF-Jur08",
        "display" : "Tlalpan"
      },
      {
        "code" : "ZAC-Jur06",
        "display" : "Tlaltenango"
      },
      {
        "code" : "MEX-Jur14",
        "display" : "Tlanepantla"
      },
      {
        "code" : "TLA-Jur01",
        "display" : "Tlaxcala"
      },
      {
        "code" : "MEX-Jur05",
        "display" : "Toluca"
      },
      {
        "code" : "CHP-Jur08",
        "display" : "Tonala"
      },
      {
        "code" : "COA-Jur06",
        "display" : "Torreon"
      },
      {
        "code" : "HID-Jur03",
        "display" : "Tula"
      },
      {
        "code" : "HID-Jur02",
        "display" : "Tulancingo"
      },
      {
        "code" : "VER-Jur02",
        "display" : "Tuxpan"
      },
      {
        "code" : "NAY-Jur03",
        "display" : "Tuxpan"
      },
      {
        "code" : "OAX-Jur03",
        "display" : "Tuxtepec"
      },
      {
        "code" : "CHP-Jur01",
        "display" : "Tuxtla"
      },
      {
        "code" : "MIC-Jur05",
        "display" : "Uruapan"
      },
      {
        "code" : "YUC-Jur02",
        "display" : "Valladolid"
      },
      {
        "code" : "MEX-Jur09",
        "display" : "Valle de Bravo"
      },
      {
        "code" : "TAM-Jur10",
        "display" : "Valle Hermoso"
      },
      {
        "code" : "OAX-Jur01",
        "display" : "Valles Centrales"
      },
      {
        "code" : "DIF-Jur16",
        "display" : "Venustiano Carranza"
      },
      {
        "code" : "VER-Jur08",
        "display" : "Veracruz"
      },
      {
        "code" : "BCN-Jur04",
        "display" : "Vicente Guerrero"
      },
      {
        "code" : "TAM-Jur01",
        "display" : "Victoria"
      },
      {
        "code" : "CHP-Jur04",
        "display" : "Villaflores"
      },
      {
        "code" : "VER-Jur05",
        "display" : "Xalapa"
      },
      {
        "code" : "DIF-Jur10",
        "display" : "Xochimilco"
      },
      {
        "code" : "MEX-Jur06",
        "display" : "Xonacatlan"
      },
      {
        "code" : "PUE-Jur03",
        "display" : "Zacapoaxtla"
      },
      {
        "code" : "ZAC-Jur01",
        "display" : "Zacatecas"
      },
      {
        "code" : "MOR-Jur02",
        "display" : "Zacatepec"
      },
      {
        "code" : "MIC-Jur02",
        "display" : "Zamora"
      },
      {
        "code" : "HID-Jur05",
        "display" : "Zimapan"
      },
      {
        "code" : "MIC-Jur03",
        "display" : "Zitacuaro"
      },
      {
        "code" : "MEX-Jur15",
        "display" : "Zumpango"
      }]
    }]
  }
}