{
  "resourceType" : "ValueSet",
  "id" : "2.16.840.1.114222.4.11.3201",
  "meta" : {
    "source" : "https://phinvads.cdc.gov/vads/ViewValueSet.action?oid=2.16.840.1.114222.4.11.3201"
  },
  "url" : "http://phinvads.cdc.gov/fhir/ValueSet/2.16.840.1.114222.4.11.3201",
  "version" : "1",
  "name" : "PHVS_GeographicLocationHistory_CDC",
  "title" : "Geographical location history",
  "status" : "active",
  "date" : "2009-01-07T00:07:00+11:00",
  "description" : "Locations out of US (Birth Country) and jurisdictions within US (states) that are potentially relevent to current condition. This value set is based upon ISO 3166 (Countries) as well as FIPS 5-2 (States).",
  "compose" : {
    "include" : [{
      "system" : "urn:iso:std:iso:3166",
      "version" : "20191201",
      "concept" : [{
        "code" : "AFG",
        "display" : "AFGHANISTAN"
      },
      {
        "code" : "ALB",
        "display" : "ALBANIA"
      },
      {
        "code" : "DZA",
        "display" : "ALGERIA"
      },
      {
        "code" : "ASM",
        "display" : "AMERICAN SAMOA"
      },
      {
        "code" : "AND",
        "display" : "ANDORRA"
      },
      {
        "code" : "AGO",
        "display" : "ANGOLA"
      },
      {
        "code" : "AIA",
        "display" : "ANGUILLA"
      },
      {
        "code" : "ATA",
        "display" : "ANTARCTICA"
      },
      {
        "code" : "ATG",
        "display" : "ANTIGUA AND BARBUDA"
      },
      {
        "code" : "ARG",
        "display" : "ARGENTINA"
      },
      {
        "code" : "ARM",
        "display" : "ARMENIA"
      },
      {
        "code" : "ABW",
        "display" : "ARUBA"
      },
      {
        "code" : "AUS",
        "display" : "AUSTRALIA"
      },
      {
        "code" : "AUT",
        "display" : "AUSTRIA"
      },
      {
        "code" : "AZE",
        "display" : "AZERBAIJAN"
      },
      {
        "code" : "BHS",
        "display" : "BAHAMAS, THE"
      },
      {
        "code" : "BHR",
        "display" : "BAHRAIN"
      },
      {
        "code" : "BGD",
        "display" : "BANGLADESH"
      },
      {
        "code" : "BRB",
        "display" : "BARBADOS"
      },
      {
        "code" : "BLR",
        "display" : "BELARUS"
      },
      {
        "code" : "BEL",
        "display" : "BELGIUM"
      },
      {
        "code" : "BLZ",
        "display" : "BELIZE"
      },
      {
        "code" : "BEN",
        "display" : "BENIN"
      },
      {
        "code" : "BMU",
        "display" : "BERMUDA"
      },
      {
        "code" : "BTN",
        "display" : "BHUTAN"
      },
      {
        "code" : "BOL",
        "display" : "BOLIVIA"
      },
      {
        "code" : "BIH",
        "display" : "BOSNIA AND HERCEGOVINA"
      },
      {
        "code" : "BWA",
        "display" : "BOTSWANA"
      },
      {
        "code" : "BVT",
        "display" : "BOUVET ISLAND"
      },
      {
        "code" : "BRA",
        "display" : "BRAZIL"
      },
      {
        "code" : "IOT",
        "display" : "BR INDIAN OCEAN TERR"
      },
      {
        "code" : "BRN",
        "display" : "BRUNEI"
      },
      {
        "code" : "BGR",
        "display" : "BULGARIA"
      },
      {
        "code" : "BFA",
        "display" : "BURKINA (UPPER VOLTA)"
      },
      {
        "code" : "BDI",
        "display" : "BURUNDI"
      },
      {
        "code" : "KHM",
        "display" : "CAMBODIA"
      },
      {
        "code" : "CMR",
        "display" : "CAMEROON"
      },
      {
        "code" : "CAN",
        "display" : "CANADA"
      },
      {
        "code" : "CPV",
        "display" : "CAPE VERDE"
      },
      {
        "code" : "CYM",
        "display" : "CAYMAN ISLANDS"
      },
      {
        "code" : "CAF",
        "display" : "CENTRAL AFRICAN REP."
      },
      {
        "code" : "TCD",
        "display" : "CHAD"
      },
      {
        "code" : "CHL",
        "display" : "CHILE"
      },
      {
        "code" : "CHN",
        "display" : "CHINA"
      },
      {
        "code" : "CXR",
        "display" : "CHRISTMAS ISLAND"
      },
      {
        "code" : "CCK",
        "display" : "COCOS (KEELING) ISLANDS"
      },
      {
        "code" : "COL",
        "display" : "COLOMBIA"
      },
      {
        "code" : "COM",
        "display" : "COMOROS"
      },
      {
        "code" : "COG",
        "display" : "CONGO"
      },
      {
        "code" : "COK",
        "display" : "COOK ISLANDS"
      },
      {
        "code" : "CRI",
        "display" : "COSTA RICA"
      },
      {
        "code" : "CIV",
        "display" : "IVORY COAST"
      },
      {
        "code" : "HRV",
        "display" : "CROATIA"
      },
      {
        "code" : "CUB",
        "display" : "CUBA"
      },
      {
        "code" : "CYP",
        "display" : "CYPRUS"
      },
      {
        "code" : "CZE",
        "display" : "CZECH REPUBLIC"
      },
      {
        "code" : "DNK",
        "display" : "DENMARK"
      },
      {
        "code" : "DJI",
        "display" : "DJIBOUTI"
      },
      {
        "code" : "DMA",
        "display" : "DOMINICA"
      },
      {
        "code" : "DOM",
        "display" : "DOMINICAN REPUBLIC"
      },
      {
        "code" : "ECU",
        "display" : "ECUADOR"
      },
      {
        "code" : "EGY",
        "display" : "EGYPT"
      },
      {
        "code" : "SLV",
        "display" : "EL SALVADOR"
      },
      {
        "code" : "GNQ",
        "display" : "EQUATORIAL GUINEA"
      },
      {
        "code" : "ERI",
        "display" : "ERITREA"
      },
      {
        "code" : "EST",
        "display" : "ESTONIA"
      },
      {
        "code" : "ETH",
        "display" : "ETHIOPIA"
      },
      {
        "code" : "FLK",
        "display" : "FALKLAND (IS MALVINAS)"
      },
      {
        "code" : "FRO",
        "display" : "FAROE ISLANDS"
      },
      {
        "code" : "FJI",
        "display" : "FIJI"
      },
      {
        "code" : "FIN",
        "display" : "FINLAND"
      },
      {
        "code" : "FRA",
        "display" : "FRANCE"
      },
      {
        "code" : "GUF",
        "display" : "FRENCH GUIANA"
      },
      {
        "code" : "PYF",
        "display" : "FRENCH POLYNESIA"
      },
      {
        "code" : "ATF",
        "display" : "FR SO & ANTARCTIC LNDS"
      },
      {
        "code" : "GAB",
        "display" : "GABON"
      },
      {
        "code" : "GMB",
        "display" : "GAMBIA, THE"
      },
      {
        "code" : "GEO",
        "display" : "GEORGIA"
      },
      {
        "code" : "DEU",
        "display" : "GERMANY"
      },
      {
        "code" : "GHA",
        "display" : "GHANA"
      },
      {
        "code" : "GIB",
        "display" : "GIBRALTAR"
      },
      {
        "code" : "GRC",
        "display" : "GREECE"
      },
      {
        "code" : "GRL",
        "display" : "GREENLAND"
      },
      {
        "code" : "GRD",
        "display" : "GRENADA"
      },
      {
        "code" : "GLP",
        "display" : "GUADELOUPE"
      },
      {
        "code" : "GUM",
        "display" : "GUAM"
      },
      {
        "code" : "GTM",
        "display" : "GUATEMALA"
      },
      {
        "code" : "GGY",
        "display" : "GUERNSEY"
      },
      {
        "code" : "GIN",
        "display" : "GUINEA"
      },
      {
        "code" : "GNB",
        "display" : "GUINEA-BISSAU"
      },
      {
        "code" : "GUY",
        "display" : "GUYANA"
      },
      {
        "code" : "HTI",
        "display" : "HAITI"
      },
      {
        "code" : "HMD",
        "display" : "HEARD IS&MCDONALD ISLS"
      },
      {
        "code" : "VAT",
        "display" : "VATICAN CITY"
      },
      {
        "code" : "HND",
        "display" : "HONDURAS"
      },
      {
        "code" : "HKG",
        "display" : "HONG KONG"
      },
      {
        "code" : "HUN",
        "display" : "HUNGARY"
      },
      {
        "code" : "ISL",
        "display" : "ICELAND"
      },
      {
        "code" : "IND",
        "display" : "INDIA"
      },
      {
        "code" : "IDN",
        "display" : "INDONESIA"
      },
      {
        "code" : "IRN",
        "display" : "IRAN"
      },
      {
        "code" : "IRQ",
        "display" : "IRAQ"
      },
      {
        "code" : "IRL",
        "display" : "IRELAND"
      },
      {
        "code" : "IMN",
        "display" : "MAN, ISLE OF"
      },
      {
        "code" : "ISR",
        "display" : "ISRAEL"
      },
      {
        "code" : "ITA",
        "display" : "ITALY"
      },
      {
        "code" : "JAM",
        "display" : "JAMAICA"
      },
      {
        "code" : "JPN",
        "display" : "JAPAN"
      },
      {
        "code" : "JEY",
        "display" : "JERSEY"
      },
      {
        "code" : "JOR",
        "display" : "JORDAN"
      },
      {
        "code" : "KAZ",
        "display" : "KAZAKHSTAN"
      },
      {
        "code" : "KEN",
        "display" : "KENYA"
      },
      {
        "code" : "KIR",
        "display" : "KIRIBATI"
      },
      {
        "code" : "PRK",
        "display" : "KOREA,DEM PEOPLES REP"
      },
      {
        "code" : "KOR",
        "display" : "KOREA, REPUBLIC OF"
      },
      {
        "code" : "KWT",
        "display" : "KUWAIT"
      },
      {
        "code" : "KGZ",
        "display" : "KYRGYZSTAN"
      },
      {
        "code" : "LAO",
        "display" : "LAOS"
      },
      {
        "code" : "LVA",
        "display" : "LATVIA"
      },
      {
        "code" : "LBN",
        "display" : "LEBANON"
      },
      {
        "code" : "LSO",
        "display" : "LESOTHO"
      },
      {
        "code" : "LBR",
        "display" : "LIBERIA"
      },
      {
        "code" : "LBY",
        "display" : "LIBYA"
      },
      {
        "code" : "LIE",
        "display" : "LIECHTENSTEIN"
      },
      {
        "code" : "LTU",
        "display" : "LITHUANIA"
      },
      {
        "code" : "LUX",
        "display" : "LUXEMBOURG"
      },
      {
        "code" : "MAC",
        "display" : "MACAU"
      },
      {
        "code" : "MKD",
        "display" : "MACEDONIA"
      },
      {
        "code" : "MDG",
        "display" : "MADAGASCAR"
      },
      {
        "code" : "MWI",
        "display" : "MALAWI"
      },
      {
        "code" : "MYS",
        "display" : "MALAYSIA"
      },
      {
        "code" : "MDV",
        "display" : "MALDIVES"
      },
      {
        "code" : "MLI",
        "display" : "MALI"
      },
      {
        "code" : "MLT",
        "display" : "MALTA"
      },
      {
        "code" : "MHL",
        "display" : "MARSHALL ISLANDS"
      },
      {
        "code" : "MTQ",
        "display" : "MARTINIQUE"
      },
      {
        "code" : "MRT",
        "display" : "MAURITANIA"
      },
      {
        "code" : "MUS",
        "display" : "MAURITIUS"
      },
      {
        "code" : "MYT",
        "display" : "MAYOTTE"
      },
      {
        "code" : "MEX",
        "display" : "MEXICO"
      },
      {
        "code" : "FSM",
        "display" : "FED STATES MICRONESIA"
      },
      {
        "code" : "MDA",
        "display" : "MOLDOVA"
      },
      {
        "code" : "MCO",
        "display" : "MONACO"
      },
      {
        "code" : "MNG",
        "display" : "MONGOLIA"
      },
      {
        "code" : "MNE",
        "display" : "MONTENEGRO"
      },
      {
        "code" : "MSR",
        "display" : "MONTSERRAT"
      },
      {
        "code" : "MAR",
        "display" : "MOROCCO"
      },
      {
        "code" : "MOZ",
        "display" : "MOZAMBIQUE"
      },
      {
        "code" : "NAM",
        "display" : "NAMIBIA"
      },
      {
        "code" : "NRU",
        "display" : "NAURU"
      },
      {
        "code" : "NPL",
        "display" : "NEPAL"
      },
      {
        "code" : "NLD",
        "display" : "NETHERLANDS"
      },
      {
        "code" : "ANT",
        "display" : "NETHERLANDS ANTILLES"
      },
      {
        "code" : "NCL",
        "display" : "NEW CALEDONIA"
      },
      {
        "code" : "NZL",
        "display" : "NEW ZEALAND"
      },
      {
        "code" : "NIC",
        "display" : "NICARAGUA"
      },
      {
        "code" : "NER",
        "display" : "NIGER"
      },
      {
        "code" : "NGA",
        "display" : "NIGERIA"
      },
      {
        "code" : "NIU",
        "display" : "NIUE"
      },
      {
        "code" : "NFK",
        "display" : "NORFOLK ISLAND"
      },
      {
        "code" : "MNP",
        "display" : "NORTHERN MARIANA IS"
      },
      {
        "code" : "NOR",
        "display" : "NORWAY"
      },
      {
        "code" : "OMN",
        "display" : "OMAN"
      },
      {
        "code" : "PAK",
        "display" : "PAKISTAN"
      },
      {
        "code" : "PLW",
        "display" : "PALAU"
      },
      {
        "code" : "PAN",
        "display" : "PANAMA"
      },
      {
        "code" : "PNG",
        "display" : "PAPUA NEW GUINEA"
      },
      {
        "code" : "PRY",
        "display" : "PARAGUAY"
      },
      {
        "code" : "PER",
        "display" : "PERU"
      },
      {
        "code" : "PHL",
        "display" : "PHILIPPINES"
      },
      {
        "code" : "PCN",
        "display" : "PITCAIRN ISLANDS"
      },
      {
        "code" : "POL",
        "display" : "POLAND"
      },
      {
        "code" : "PRT",
        "display" : "PORTUGAL"
      },
      {
        "code" : "PRI",
        "display" : "PUERTO RICO"
      },
      {
        "code" : "QAT",
        "display" : "QATAR"
      },
      {
        "code" : "REU",
        "display" : "REUNION"
      },
      {
        "code" : "ROU",
        "display" : "ROMANIA"
      },
      {
        "code" : "RUS",
        "display" : "RUSSIA"
      },
      {
        "code" : "RWA",
        "display" : "RWANDA"
      },
      {
        "code" : "SHN",
        "display" : "ST. HELENA"
      },
      {
        "code" : "KNA",
        "display" : "ST. KITTS AND NEVIS"
      },
      {
        "code" : "LCA",
        "display" : "ST LUCIA"
      },
      {
        "code" : "SPM",
        "display" : "ST. PIERRE AND MIQUELON"
      },
      {
        "code" : "VCT",
        "display" : "ST. VINCENT/GRENADINES"
      },
      {
        "code" : "WSM",
        "display" : "WESTERN SAMOA"
      },
      {
        "code" : "SMR",
        "display" : "SAN MARINO"
      },
      {
        "code" : "STP",
        "display" : "SAO TOME AND PRINCIPE"
      },
      {
        "code" : "SAU",
        "display" : "SAUDI ARABIA"
      },
      {
        "code" : "SEN",
        "display" : "SENEGAL"
      },
      {
        "code" : "SRB",
        "display" : "SERBIA"
      },
      {
        "code" : "SYC",
        "display" : "SEYCHELLES"
      },
      {
        "code" : "SLE",
        "display" : "SIERRA LEONE"
      },
      {
        "code" : "SGP",
        "display" : "SINGAPORE"
      },
      {
        "code" : "SVK",
        "display" : "SLOVAK REPUBLIC"
      },
      {
        "code" : "SVN",
        "display" : "SLOVENIA"
      },
      {
        "code" : "SLB",
        "display" : "SOLOMON ISLANDS"
      },
      {
        "code" : "SOM",
        "display" : "SOMALIA"
      },
      {
        "code" : "ZAF",
        "display" : "SOUTH AFRICA"
      },
      {
        "code" : "SGS",
        "display" : "S.GEORGIA/S.SANDWIC IS"
      },
      {
        "code" : "ESP",
        "display" : "SPAIN"
      },
      {
        "code" : "LKA",
        "display" : "SRI LANKA"
      },
      {
        "code" : "SDN",
        "display" : "SUDAN"
      },
      {
        "code" : "SUR",
        "display" : "SURINAME"
      },
      {
        "code" : "SJM",
        "display" : "SVALBARD"
      },
      {
        "code" : "SWZ",
        "display" : "SWAZILAND"
      },
      {
        "code" : "SWE",
        "display" : "SWEDEN"
      },
      {
        "code" : "CHE",
        "display" : "SWITZERLAND"
      },
      {
        "code" : "SYR",
        "display" : "SYRIA"
      },
      {
        "code" : "TWN",
        "display" : "TAIWAN"
      },
      {
        "code" : "TJK",
        "display" : "TAJIKISTAN"
      },
      {
        "code" : "TZA",
        "display" : "TANZANIA, UNITED REP OF"
      },
      {
        "code" : "THA",
        "display" : "THAILAND"
      },
      {
        "code" : "TLS",
        "display" : "TIMOR-LESTE"
      },
      {
        "code" : "TGO",
        "display" : "TOGO"
      },
      {
        "code" : "TKL",
        "display" : "TOKELAU"
      },
      {
        "code" : "TON",
        "display" : "TONGA"
      },
      {
        "code" : "TTO",
        "display" : "TRINIDAD AND TOBAGO"
      },
      {
        "code" : "TUN",
        "display" : "TUNISIA"
      },
      {
        "code" : "TUR",
        "display" : "TURKEY"
      },
      {
        "code" : "TKM",
        "display" : "TURKMENISTAN"
      },
      {
        "code" : "TCA",
        "display" : "TURKS AND CAICOS ISL"
      },
      {
        "code" : "TUV",
        "display" : "TUVALU"
      },
      {
        "code" : "UGA",
        "display" : "UGANDA"
      },
      {
        "code" : "UKR",
        "display" : "UKRAINE"
      },
      {
        "code" : "ARE",
        "display" : "UNITED ARAB EMIRATES"
      },
      {
        "code" : "GBR",
        "display" : "UNITED KINGDOM"
      },
      {
        "code" : "UMI",
        "display" : "U.S. MINOR OUTLYING ISL"
      },
      {
        "code" : "URY",
        "display" : "URUGUAY"
      },
      {
        "code" : "UZB",
        "display" : "UZBEKISTAN"
      },
      {
        "code" : "VUT",
        "display" : "VANUATU (NEW HEBRIDES)"
      },
      {
        "code" : "VEN",
        "display" : "VENEZUELA"
      },
      {
        "code" : "VNM",
        "display" : "VIETNAM"
      },
      {
        "code" : "VGB",
        "display" : "BRITISH VIRGIN IS."
      },
      {
        "code" : "VIR",
        "display" : "VIRGIN ISLANDS"
      },
      {
        "code" : "WLF",
        "display" : "WALLIS AND FUTUNA"
      },
      {
        "code" : "ESH",
        "display" : "WESTERN SAHARA"
      },
      {
        "code" : "YEM",
        "display" : "YEMEN"
      },
      {
        "code" : "ZMB",
        "display" : "ZAMBIA"
      },
      {
        "code" : "ZWE",
        "display" : "ZIMBABWE"
      }]
    },
    {
      "system" : "urn:oid:2.16.840.1.113883.6.92",
      "version" : "September 2015",
      "concept" : [{
        "code" : "01",
        "display" : "Alabama"
      },
      {
        "code" : "02",
        "display" : "Alaska"
      },
      {
        "code" : "60",
        "display" : "American Samoa"
      },
      {
        "code" : "04",
        "display" : "Arizona"
      },
      {
        "code" : "05",
        "display" : "Arkansas"
      },
      {
        "code" : "81",
        "display" : "Baker Island"
      },
      {
        "code" : "06",
        "display" : "California"
      },
      {
        "code" : "08",
        "display" : "Colorado"
      },
      {
        "code" : "09",
        "display" : "Connecticut"
      },
      {
        "code" : "10",
        "display" : "Delaware"
      },
      {
        "code" : "11",
        "display" : "District of Columbia"
      },
      {
        "code" : "64",
        "display" : "Federated States of Micronesia"
      },
      {
        "code" : "12",
        "display" : "Florida"
      },
      {
        "code" : "13",
        "display" : "Georgia"
      },
      {
        "code" : "66",
        "display" : "Guam"
      },
      {
        "code" : "15",
        "display" : "Hawaii"
      },
      {
        "code" : "84",
        "display" : "Howland Island"
      },
      {
        "code" : "16",
        "display" : "Idaho"
      },
      {
        "code" : "17",
        "display" : "Illinois"
      },
      {
        "code" : "18",
        "display" : "Indiana"
      },
      {
        "code" : "19",
        "display" : "Iowa"
      },
      {
        "code" : "86",
        "display" : "Jarvis Island"
      },
      {
        "code" : "67",
        "display" : "Johnston Atoll"
      },
      {
        "code" : "20",
        "display" : "Kansas"
      },
      {
        "code" : "21",
        "display" : "Kentucky"
      },
      {
        "code" : "89",
        "display" : "Kingman Reef"
      },
      {
        "code" : "22",
        "display" : "Louisiana"
      },
      {
        "code" : "23",
        "display" : "Maine"
      },
      {
        "code" : "68",
        "display" : "Marshall Islands"
      },
      {
        "code" : "24",
        "display" : "Maryland"
      },
      {
        "code" : "25",
        "display" : "Massachusetts"
      },
      {
        "code" : "26",
        "display" : "Michigan"
      },
      {
        "code" : "71",
        "display" : "Midway Islands"
      },
      {
        "code" : "27",
        "display" : "Minnesota"
      },
      {
        "code" : "28",
        "display" : "Mississippi"
      },
      {
        "code" : "29",
        "display" : "Missouri"
      },
      {
        "code" : "30",
        "display" : "Montana"
      },
      {
        "code" : "76",
        "display" : "Navassa Island"
      },
      {
        "code" : "31",
        "display" : "Nebraska"
      },
      {
        "code" : "32",
        "display" : "Nevada"
      },
      {
        "code" : "33",
        "display" : "New Hampshire"
      },
      {
        "code" : "34",
        "display" : "New Jersey"
      },
      {
        "code" : "35",
        "display" : "New Mexico"
      },
      {
        "code" : "36",
        "display" : "New York"
      },
      {
        "code" : "37",
        "display" : "North Carolina"
      },
      {
        "code" : "38",
        "display" : "North Dakota"
      },
      {
        "code" : "69",
        "display" : "Northern Mariana Islands"
      },
      {
        "code" : "39",
        "display" : "Ohio"
      },
      {
        "code" : "40",
        "display" : "Oklahoma"
      },
      {
        "code" : "41",
        "display" : "Oregon"
      },
      {
        "code" : "70",
        "display" : "Palau"
      },
      {
        "code" : "95",
        "display" : "Palmyra Atoll"
      },
      {
        "code" : "42",
        "display" : "Pennsylvania"
      },
      {
        "code" : "72",
        "display" : "Puerto Rico"
      },
      {
        "code" : "44",
        "display" : "Rhode Island"
      },
      {
        "code" : "45",
        "display" : "South Carolina"
      },
      {
        "code" : "46",
        "display" : "South Dakota"
      },
      {
        "code" : "47",
        "display" : "Tennessee"
      },
      {
        "code" : "48",
        "display" : "Texas"
      },
      {
        "code" : "74",
        "display" : "U.S. Minor Outlying Islands"
      },
      {
        "code" : "49",
        "display" : "Utah"
      },
      {
        "code" : "50",
        "display" : "Vermont"
      },
      {
        "code" : "78",
        "display" : "Virgin Islands of the U.S."
      },
      {
        "code" : "51",
        "display" : "Virginia"
      },
      {
        "code" : "79",
        "display" : "Wake Island"
      },
      {
        "code" : "53",
        "display" : "Washington"
      },
      {
        "code" : "54",
        "display" : "West Virginia"
      },
      {
        "code" : "55",
        "display" : "Wisconsin"
      },
      {
        "code" : "56",
        "display" : "Wyoming"
      }]
    },
    {
      "system" : "urn:oid:2.16.840.1.114222.4.5.300",
      "version" : "19950401",
      "concept" : [{
        "code" : "AT",
        "display" : "ASHMORE AND CARTIER ISL"
      },
      {
        "code" : "FQ",
        "display" : "BAKER ISLAND"
      },
      {
        "code" : "BS",
        "display" : "BASSAS DA INDIA"
      },
      {
        "code" : "IP",
        "display" : "CLIPPERTON ISLAND"
      },
      {
        "code" : "CR",
        "display" : "CORAL SEA ISLANDS"
      },
      {
        "code" : "EU",
        "display" : "EUROPA ISLAND"
      },
      {
        "code" : "GZ",
        "display" : "GAZA STRIP"
      },
      {
        "code" : "GO",
        "display" : "GLORIOSO ISLANDS"
      },
      {
        "code" : "HQ",
        "display" : "HOWLAND ISLAND"
      },
      {
        "code" : "JN",
        "display" : "JAN MAYEN"
      },
      {
        "code" : "DQ",
        "display" : "JARVIS ISLAND"
      },
      {
        "code" : "JQ",
        "display" : "JOHNSTON ATOLL"
      },
      {
        "code" : "JU",
        "display" : "JUAN DE NOVA ISLAND"
      },
      {
        "code" : "KQ",
        "display" : "KINGMAN REEF"
      },
      {
        "code" : "BQ",
        "display" : "NAVASSA ISLAND"
      },
      {
        "code" : "LQ",
        "display" : "PALMYRA ATOLL"
      },
      {
        "code" : "PF",
        "display" : "PARACEL ISLANDS"
      },
      {
        "code" : "PG",
        "display" : "SPRATLY ISLANDS"
      },
      {
        "code" : "TE",
        "display" : "TROMELIN ISLAND"
      },
      {
        "code" : "WE",
        "display" : "WEST BANK"
      }]
    },
    {
      "system" : "urn:oid:1.0.3166.3",
      "version" : "201311",
      "concept" : [{
        "code" : "BUMM",
        "display" : "BURMA"
      },
      {
        "code" : "CSHH",
        "display" : "CZECHOSLOVAKIA"
      },
      {
        "code" : "TPTL",
        "display" : "PORTUGUESE TIMOR"
      },
      {
        "code" : "MIUM",
        "display" : "MIDWAY ISLAND"
      },
      {
        "code" : "NTHH",
        "display" : "IRAQ-S ARABIA NEUTRAL Z"
      },
      {
        "code" : "PUUM",
        "display" : "US MISC PACIFIC ISLANDS"
      },
      {
        "code" : "SUHH",
        "display" : "SOVIET UNION"
      },
      {
        "code" : "WKUM",
        "display" : "WAKE ISLAND"
      },
      {
        "code" : "YUCS",
        "display" : "YUGOSLAVIA"
      },
      {
        "code" : "ZRCD",
        "display" : "ZAIRE"
      }]
    },
    {
      "system" : "http://terminology.hl7.org/CodeSystem/v3-NullFlavor",
      "version" : "20090501",
      "concept" : [{
        "code" : "NI",
        "display" : "NOT SPECIFIED"
      }]
    }]
  }
}