{
  "resourceType": "ValueSet",
  "id": "2.16.840.1.114222.4.11.7852",
  "meta": {
    "source": "https://phinvads.cdc.gov/vads/ViewValueSet.action?oid\u003d2.16.840.1.114222.4.11.7852"
  },
  "url": "http://phinvads.cdc.gov/fhir/ValueSet/2.16.840.1.114222.4.11.7852",
  "version": "2",
  "name": "PHVS_GeographicLocation_CDC",
  "title": "Geographic Location",
  "status": "active",
  "date": "2020-01-21T00:02:00+11:00",
  "description": "Countries and geographic Regions. This value set is based upon ISO 3166 (Countries) as well as  UN M.49 (continental regions, sub-regions and intermediary regions).",
  "compose": {
    "include": [
      {
        "system": "urn:iso:std:iso:3166",
        "version": "20191201",
        "concept": [
          {
            "code": "AFG",
            "display": "Afghanistan"
          },
          {
            "code": "ALA",
            "display": "Åland Islands"
          },
          {
            "code": "ALB",
            "display": "Albania"
          },
          {
            "code": "DZA",
            "display": "Algeria"
          },
          {
            "code": "ASM",
            "display": "American Samoa"
          },
          {
            "code": "AND",
            "display": "Andorra"
          },
          {
            "code": "AGO",
            "display": "Angola"
          },
          {
            "code": "AIA",
            "display": "Anguilla"
          },
          {
            "code": "ATA",
            "display": "Antarctica"
          },
          {
            "code": "ATG",
            "display": "Antigua And Barbuda"
          },
          {
            "code": "ARG",
            "display": "Argentina"
          },
          {
            "code": "ARM",
            "display": "Armenia"
          },
          {
            "code": "ABW",
            "display": "Aruba"
          },
          {
            "code": "AUS",
            "display": "Australia"
          },
          {
            "code": "AUT",
            "display": "Austria"
          },
          {
            "code": "AZE",
            "display": "Azerbaijan"
          },
          {
            "code": "BHS",
            "display": "Bahamas"
          },
          {
            "code": "BHR",
            "display": "Bahrain"
          },
          {
            "code": "BGD",
            "display": "Bangladesh"
          },
          {
            "code": "BRB",
            "display": "Barbados"
          },
          {
            "code": "BLR",
            "display": "Belarus"
          },
          {
            "code": "BEL",
            "display": "Belgium"
          },
          {
            "code": "BLZ",
            "display": "Belize"
          },
          {
            "code": "BEN",
            "display": "Benin"
          },
          {
            "code": "BMU",
            "display": "Bermuda"
          },
          {
            "code": "BTN",
            "display": "Bhutan"
          },
          {
            "code": "BOL",
            "display": "Bolivia, Plurinational State Of"
          },
          {
            "code": "BES",
            "display": "Bonaire, Sint Eustatius And Saba"
          },
          {
            "code": "BIH",
            "display": "Bosnia And Herzegovina"
          },
          {
            "code": "BWA",
            "display": "Botswana"
          },
          {
            "code": "BVT",
            "display": "Bouvet Island"
          },
          {
            "code": "BRA",
            "display": "Brazil"
          },
          {
            "code": "IOT",
            "display": "British Indian Ocean Territory"
          },
          {
            "code": "BRN",
            "display": "Brunei Darussalam"
          },
          {
            "code": "BGR",
            "display": "Bulgaria"
          },
          {
            "code": "BFA",
            "display": "Burkina Faso"
          },
          {
            "code": "BDI",
            "display": "Burundi"
          },
          {
            "code": "CPV",
            "display": "Cabo Verde"
          },
          {
            "code": "KHM",
            "display": "Cambodia"
          },
          {
            "code": "CMR",
            "display": "Cameroon"
          },
          {
            "code": "CAN",
            "display": "Canada"
          },
          {
            "code": "CYM",
            "display": "Cayman Islands"
          },
          {
            "code": "CAF",
            "display": "Central African Republic"
          },
          {
            "code": "TCD",
            "display": "Chad"
          },
          {
            "code": "CHL",
            "display": "Chile"
          },
          {
            "code": "CHN",
            "display": "China"
          },
          {
            "code": "CXR",
            "display": "Christmas Island"
          },
          {
            "code": "CCK",
            "display": "Cocos (Keeling) Islands"
          },
          {
            "code": "COL",
            "display": "Colombia"
          },
          {
            "code": "COM",
            "display": "Comoros"
          },
          {
            "code": "COG",
            "display": "Congo"
          },
          {
            "code": "COD",
            "display": "Congo, The Democratic Republic Of The"
          },
          {
            "code": "COK",
            "display": "Cook Islands"
          },
          {
            "code": "CRI",
            "display": "Costa Rica"
          },
          {
            "code": "CIV",
            "display": "Côte D\u0027Ivoire"
          },
          {
            "code": "HRV",
            "display": "Croatia"
          },
          {
            "code": "CUB",
            "display": "Cuba"
          },
          {
            "code": "CUW",
            "display": "Curacao"
          },
          {
            "code": "CYP",
            "display": "Cyprus"
          },
          {
            "code": "CZE",
            "display": "Czechia"
          },
          {
            "code": "DNK",
            "display": "Denmark"
          },
          {
            "code": "DJI",
            "display": "Djibouti"
          },
          {
            "code": "DMA",
            "display": "Dominica"
          },
          {
            "code": "DOM",
            "display": "Dominican Republic"
          },
          {
            "code": "ECU",
            "display": "Ecuador"
          },
          {
            "code": "EGY",
            "display": "Egypt"
          },
          {
            "code": "SLV",
            "display": "El Salvador"
          },
          {
            "code": "GNQ",
            "display": "Equatorial Guinea"
          },
          {
            "code": "ERI",
            "display": "Eritrea"
          },
          {
            "code": "EST",
            "display": "Estonia"
          },
          {
            "code": "SWZ",
            "display": "Swaziland"
          },
          {
            "code": "ETH",
            "display": "Ethiopia"
          },
          {
            "code": "FLK",
            "display": "Falkland Islands (Malvinas)"
          },
          {
            "code": "FRO",
            "display": "Faroe Islands"
          },
          {
            "code": "FJI",
            "display": "Fiji"
          },
          {
            "code": "FIN",
            "display": "Finland"
          },
          {
            "code": "FRA",
            "display": "France"
          },
          {
            "code": "GUF",
            "display": "French Guiana"
          },
          {
            "code": "PYF",
            "display": "French Polynesia"
          },
          {
            "code": "ATF",
            "display": "French Southern Territories"
          },
          {
            "code": "GAB",
            "display": "Gabon"
          },
          {
            "code": "GMB",
            "display": "Gambia"
          },
          {
            "code": "GEO",
            "display": "Georgia"
          },
          {
            "code": "DEU",
            "display": "Germany"
          },
          {
            "code": "GHA",
            "display": "Ghana"
          },
          {
            "code": "GIB",
            "display": "Gibraltar"
          },
          {
            "code": "GRC",
            "display": "Greece"
          },
          {
            "code": "GRL",
            "display": "Greenland"
          },
          {
            "code": "GRD",
            "display": "Grenada"
          },
          {
            "code": "GLP",
            "display": "Guadeloupe"
          },
          {
            "code": "GUM",
            "display": "Guam"
          },
          {
            "code": "GTM",
            "display": "Guatemala"
          },
          {
            "code": "GGY",
            "display": "Guernsey"
          },
          {
            "code": "GIN",
            "display": "Guinea"
          },
          {
            "code": "GNB",
            "display": "Guinea-Bissau"
          },
          {
            "code": "GUY",
            "display": "Guyana"
          },
          {
            "code": "HTI",
            "display": "Haiti"
          },
          {
            "code": "HMD",
            "display": "Heard Island And Mcdonald Islands"
          },
          {
            "code": "VAT",
            "display": "Holy See"
          },
          {
            "code": "HND",
            "display": "Honduras"
          },
          {
            "code": "HKG",
            "display": "Hong Kong"
          },
          {
            "code": "HUN",
            "display": "Hungary"
          },
          {
            "code": "ISL",
            "display": "Iceland"
          },
          {
            "code": "IND",
            "display": "India"
          },
          {
            "code": "IDN",
            "display": "Indonesia"
          },
          {
            "code": "IRN",
            "display": "Iran, Islamic Republic Of"
          },
          {
            "code": "IRQ",
            "display": "Iraq"
          },
          {
            "code": "IRL",
            "display": "Ireland"
          },
          {
            "code": "IMN",
            "display": "Isle Of Man"
          },
          {
            "code": "ISR",
            "display": "Israel"
          },
          {
            "code": "ITA",
            "display": "Italy"
          },
          {
            "code": "JAM",
            "display": "Jamaica"
          },
          {
            "code": "JPN",
            "display": "Japan"
          },
          {
            "code": "JEY",
            "display": "Jersey"
          },
          {
            "code": "JOR",
            "display": "Jordan"
          },
          {
            "code": "KAZ",
            "display": "Kazakhstan"
          },
          {
            "code": "KEN",
            "display": "Kenya"
          },
          {
            "code": "KIR",
            "display": "Kiribati"
          },
          {
            "code": "PRK",
            "display": "Korea, Democratic People\u0027S Republic Of"
          },
          {
            "code": "KOR",
            "display": "Korea, Republic Of"
          },
          {
            "code": "KWT",
            "display": "Kuwait"
          },
          {
            "code": "KGZ",
            "display": "Kyrgyzstan"
          },
          {
            "code": "LAO",
            "display": "Lao People\u0027S Democratic Republic"
          },
          {
            "code": "LVA",
            "display": "Latvia"
          },
          {
            "code": "LBN",
            "display": "Lebanon"
          },
          {
            "code": "LSO",
            "display": "Lesotho"
          },
          {
            "code": "LBR",
            "display": "Liberia"
          },
          {
            "code": "LBY",
            "display": "Libya"
          },
          {
            "code": "LIE",
            "display": "Liechtenstein"
          },
          {
            "code": "LTU",
            "display": "Lithuania"
          },
          {
            "code": "LUX",
            "display": "Luxembourg"
          },
          {
            "code": "MAC",
            "display": "Macao"
          },
          {
            "code": "MKD",
            "display": "North Macedonia"
          },
          {
            "code": "MDG",
            "display": "Madagascar"
          },
          {
            "code": "MWI",
            "display": "Malawi"
          },
          {
            "code": "MYS",
            "display": "Malaysia"
          },
          {
            "code": "MDV",
            "display": "Maldives"
          },
          {
            "code": "MLI",
            "display": "Mali"
          },
          {
            "code": "MLT",
            "display": "Malta"
          },
          {
            "code": "MHL",
            "display": "Marshall Islands"
          },
          {
            "code": "MTQ",
            "display": "Martinique"
          },
          {
            "code": "MRT",
            "display": "Mauritania"
          },
          {
            "code": "MUS",
            "display": "Mauritius"
          },
          {
            "code": "MYT",
            "display": "Mayotte"
          },
          {
            "code": "MEX",
            "display": "Mexico"
          },
          {
            "code": "FSM",
            "display": "Micronesia, Federated States Of"
          },
          {
            "code": "MDA",
            "display": "Moldova, Republic Of"
          },
          {
            "code": "MCO",
            "display": "Monaco"
          },
          {
            "code": "MNG",
            "display": "Mongolia"
          },
          {
            "code": "MNE",
            "display": "Montenegro"
          },
          {
            "code": "MSR",
            "display": "Montserrat"
          },
          {
            "code": "MAR",
            "display": "Morocco"
          },
          {
            "code": "MOZ",
            "display": "Mozambique"
          },
          {
            "code": "MMR",
            "display": "Myanmar"
          },
          {
            "code": "NAM",
            "display": "Namibia"
          },
          {
            "code": "NRU",
            "display": "Nauru"
          },
          {
            "code": "NPL",
            "display": "Nepal"
          },
          {
            "code": "NLD",
            "display": "Netherlands"
          },
          {
            "code": "NCL",
            "display": "New Caledonia"
          },
          {
            "code": "NZL",
            "display": "New Zealand"
          },
          {
            "code": "NIC",
            "display": "Nicaragua"
          },
          {
            "code": "NER",
            "display": "Niger"
          },
          {
            "code": "NGA",
            "display": "Nigeria"
          },
          {
            "code": "NIU",
            "display": "Niue"
          },
          {
            "code": "NFK",
            "display": "Norfolk Island"
          },
          {
            "code": "MNP",
            "display": "Northern Mariana Islands"
          },
          {
            "code": "NOR",
            "display": "Norway"
          },
          {
            "code": "OMN",
            "display": "Oman"
          },
          {
            "code": "PAK",
            "display": "Pakistan"
          },
          {
            "code": "PLW",
            "display": "Palau"
          },
          {
            "code": "PSE",
            "display": "Palestine, State Of"
          },
          {
            "code": "PAN",
            "display": "Panama"
          },
          {
            "code": "PNG",
            "display": "Papua New Guinea"
          },
          {
            "code": "PRY",
            "display": "Paraguay"
          },
          {
            "code": "PER",
            "display": "Peru"
          },
          {
            "code": "PHL",
            "display": "Philippines"
          },
          {
            "code": "PCN",
            "display": "Pitcairn"
          },
          {
            "code": "POL",
            "display": "Poland"
          },
          {
            "code": "PRT",
            "display": "Portugal"
          },
          {
            "code": "PRI",
            "display": "Puerto Rico"
          },
          {
            "code": "QAT",
            "display": "Qatar"
          },
          {
            "code": "REU",
            "display": "Réunion"
          },
          {
            "code": "ROU",
            "display": "Romania"
          },
          {
            "code": "RUS",
            "display": "Russian Federation"
          },
          {
            "code": "RWA",
            "display": "Rwanda"
          },
          {
            "code": "BLM",
            "display": "Saint Barthélemy"
          },
          {
            "code": "SHN",
            "display": "Saint Helena, Ascension And Tristan Da Cunha"
          },
          {
            "code": "KNA",
            "display": "Saint Kitts And Nevis"
          },
          {
            "code": "LCA",
            "display": "Saint Lucia"
          },
          {
            "code": "MAF",
            "display": "Saint Martin (French Part)"
          },
          {
            "code": "SPM",
            "display": "Saint Pierre And Miquelon"
          },
          {
            "code": "VCT",
            "display": "Saint Vincent And The Grenadines"
          },
          {
            "code": "WSM",
            "display": "Samoa"
          },
          {
            "code": "SMR",
            "display": "San Marino"
          },
          {
            "code": "STP",
            "display": "Sao Tome And Principe"
          },
          {
            "code": "SAU",
            "display": "Saudi Arabia"
          },
          {
            "code": "SEN",
            "display": "Senegal"
          },
          {
            "code": "SRB",
            "display": "Serbia"
          },
          {
            "code": "SYC",
            "display": "Seychelles"
          },
          {
            "code": "SLE",
            "display": "Sierra Leone"
          },
          {
            "code": "SGP",
            "display": "Singapore"
          },
          {
            "code": "SXM",
            "display": "Sint Maarten (Dutch Part)"
          },
          {
            "code": "SVK",
            "display": "Slovakia"
          },
          {
            "code": "SVN",
            "display": "Slovenia"
          },
          {
            "code": "SLB",
            "display": "Solomon Islands"
          },
          {
            "code": "SOM",
            "display": "Somalia"
          },
          {
            "code": "ZAF",
            "display": "South Africa"
          },
          {
            "code": "SGS",
            "display": "South Georgia And The South Sandwich Islands"
          },
          {
            "code": "SSD",
            "display": "South Sudan"
          },
          {
            "code": "ESP",
            "display": "Spain"
          },
          {
            "code": "LKA",
            "display": "Sri Lanka"
          },
          {
            "code": "SDN",
            "display": "Sudan"
          },
          {
            "code": "SUR",
            "display": "Suriname"
          },
          {
            "code": "SJM",
            "display": "Svalbard And Jan Mayen"
          },
          {
            "code": "SWE",
            "display": "Sweden"
          },
          {
            "code": "CHE",
            "display": "Switzerland"
          },
          {
            "code": "SYR",
            "display": "Syrian Arab Republic"
          },
          {
            "code": "TWN",
            "display": "Taiwan, Province Of China"
          },
          {
            "code": "TJK",
            "display": "Tajikistan"
          },
          {
            "code": "TZA",
            "display": "Tanzania, United Republic Of"
          },
          {
            "code": "THA",
            "display": "Thailand"
          },
          {
            "code": "TLS",
            "display": "Timor-Leste"
          },
          {
            "code": "TGO",
            "display": "Togo"
          },
          {
            "code": "TKL",
            "display": "Tokelau"
          },
          {
            "code": "TON",
            "display": "Tonga"
          },
          {
            "code": "TTO",
            "display": "Trinidad And Tobago"
          },
          {
            "code": "TUN",
            "display": "Tunisia"
          },
          {
            "code": "TUR",
            "display": "Turkey"
          },
          {
            "code": "TKM",
            "display": "Turkmenistan"
          },
          {
            "code": "TCA",
            "display": "Turks And Caicos Islands"
          },
          {
            "code": "TUV",
            "display": "Tuvalu"
          },
          {
            "code": "UGA",
            "display": "Uganda"
          },
          {
            "code": "UKR",
            "display": "Ukraine"
          },
          {
            "code": "ARE",
            "display": "United Arab Emirates"
          },
          {
            "code": "GBR",
            "display": "United Kingdom Of Great Britain And Northern Ireland"
          },
          {
            "code": "USA",
            "display": "United States"
          },
          {
            "code": "UMI",
            "display": "United States Minor Outlying Islands"
          },
          {
            "code": "URY",
            "display": "Uruguay"
          },
          {
            "code": "UZB",
            "display": "Uzbekistan"
          },
          {
            "code": "VUT",
            "display": "Vanuatu"
          },
          {
            "code": "VEN",
            "display": "Venezuela, Bolivarian Republic Of"
          },
          {
            "code": "VNM",
            "display": "Viet Nam"
          },
          {
            "code": "VGB",
            "display": "Virgin Islands, British"
          },
          {
            "code": "VIR",
            "display": "Virgin Islands, U.S."
          },
          {
            "code": "WLF",
            "display": "Wallis And Futuna"
          },
          {
            "code": "ESH",
            "display": "Western Sahara"
          },
          {
            "code": "YEM",
            "display": "Yemen"
          },
          {
            "code": "ZMB",
            "display": "Zambia"
          },
          {
            "code": "ZWE",
            "display": "Zimbabwe"
          }
        ]
      },
      {
        "system": "urn:oid:2.16.840.1.114222.4.5.317",
        "version": "1",
        "concept": [
          {
            "code": "002",
            "display": "Africa"
          },
          {
            "code": "019",
            "display": "Americas"
          },
          {
            "code": "142",
            "display": "Asia"
          },
          {
            "code": "029",
            "display": "Caribbean"
          },
          {
            "code": "013",
            "display": "Central America"
          },
          {
            "code": "143",
            "display": "Central Asia"
          },
          {
            "code": "830",
            "display": "Channel Islands"
          },
          {
            "code": "014",
            "display": "Eastern Africa"
          },
          {
            "code": "030",
            "display": "Eastern Asia"
          },
          {
            "code": "151",
            "display": "Eastern Europe"
          },
          {
            "code": "150",
            "display": "Europe"
          },
          {
            "code": "054",
            "display": "Melanesia"
          },
          {
            "code": "057",
            "display": "Micronesia"
          },
          {
            "code": "017",
            "display": "Middle Africa"
          },
          {
            "code": "015",
            "display": "Northern Africa"
          },
          {
            "code": "154",
            "display": "Northern Europe"
          },
          {
            "code": "009",
            "display": "Oceania"
          },
          {
            "code": "061",
            "display": "Polynesia"
          },
          {
            "code": "005",
            "display": "South America"
          },
          {
            "code": "035",
            "display": "South-Eastern Asia"
          },
          {
            "code": "018",
            "display": "Southern Africa"
          },
          {
            "code": "034",
            "display": "Southern Asia"
          },
          {
            "code": "039",
            "display": "Southern Europe"
          },
          {
            "code": "011",
            "display": "Western Africa"
          },
          {
            "code": "145",
            "display": "Western Asia"
          },
          {
            "code": "155",
            "display": "Western Europe"
          }
        ]
      },
      {
        "system": "urn:oid:2.16.840.1.114222.4.5.300",
        "version": "19950401",
        "concept": [
          {
            "code": "KV",
            "display": "Kosovo"
          }
        ]
      },
      {
        "system": "urn:oid:2.16.840.1.113883.4.291",
        "version": "Langual 2017",
        "concept": [
          {
            "code": "R0351",
            "display": "Middle East"
          }
        ]
      },
      {
        "system": "http://terminology.hl7.org/CodeSystem/v3-NullFlavor",
        "version": "20090501",
        "concept": [
          {
            "code": "OTH",
            "display": "Other"
          }
        ]
      }
    ]
  }
}