{
  "resourceType" : "ValueSet",
  "id" : "2.16.840.1.114222.4.11.8031",
  "meta" : {
    "source" : "https://phinvads.cdc.gov/vads/ViewValueSet.action?oid=2.16.840.1.114222.4.11.8031"
  },
  "url" : "http://phinvads.cdc.gov/fhir/ValueSet/2.16.840.1.114222.4.11.8031",
  "version" : "1",
  "name" : "PHVS_DecedentBirthplace_Country",
  "title" : "Decedent Birthplace (Country)",
  "status" : "active",
  "date" : "2021-01-07T00:06:00+11:00",
  "description" : "The country where a decedent was born. This may include the US or countries outside of the US.",
  "compose" : {
    "include" : [{
      "system" : "urn:oid:2.16.840.1.113883.13.250",
      "version" : "December 2016",
      "concept" : [{
        "code" : "AF",
        "display" : "AFGHANISTAN"
      },
      {
        "code" : "AX",
        "display" : "AKROTIRI"
      },
      {
        "code" : "AL",
        "display" : "ALBANIA"
      },
      {
        "code" : "AG",
        "display" : "ALGERIA"
      },
      {
        "code" : "AN",
        "display" : "ANDORRA"
      },
      {
        "code" : "AO",
        "display" : "ANGOLA"
      },
      {
        "code" : "AV",
        "display" : "ANGUILLA"
      },
      {
        "code" : "AY",
        "display" : "ANTARCTICA"
      },
      {
        "code" : "AC",
        "display" : "ANTIGUA AND BARBUDA"
      },
      {
        "code" : "AR",
        "display" : "ARGENTINA"
      },
      {
        "code" : "AM",
        "display" : "ARMENIA"
      },
      {
        "code" : "AA",
        "display" : "ARUBA"
      },
      {
        "code" : "AT",
        "display" : "ASHMORE AND CARTIER ISLANDS"
      },
      {
        "code" : "AS",
        "display" : "AUSTRALIA"
      },
      {
        "code" : "AU",
        "display" : "AUSTRIA"
      },
      {
        "code" : "AJ",
        "display" : "AZERBAIJAN"
      },
      {
        "code" : "BF",
        "display" : "BAHAMAS, THE"
      },
      {
        "code" : "BA",
        "display" : "BAHRAIN"
      },
      {
        "code" : "BG",
        "display" : "BANGLADESH"
      },
      {
        "code" : "BB",
        "display" : "BARBADOS"
      },
      {
        "code" : "BS",
        "display" : "BASSAS DA INDIA"
      },
      {
        "code" : "BO",
        "display" : "BELARUS"
      },
      {
        "code" : "BE",
        "display" : "BELGIUM"
      },
      {
        "code" : "BH",
        "display" : "BELIZE"
      },
      {
        "code" : "BN",
        "display" : "BENIN"
      },
      {
        "code" : "BD",
        "display" : "BERMUDA"
      },
      {
        "code" : "BT",
        "display" : "BHUTAN"
      },
      {
        "code" : "BL",
        "display" : "BOLIVIA"
      },
      {
        "code" : "BK",
        "display" : "BOSNIA AND HERZEGOVINA"
      },
      {
        "code" : "BC",
        "display" : "BOTSWANA"
      },
      {
        "code" : "BV",
        "display" : "BOUVET ISLAND"
      },
      {
        "code" : "BR",
        "display" : "BRAZIL"
      },
      {
        "code" : "IO",
        "display" : "BRITISH INDIAN OCEAN TERRITORY"
      },
      {
        "code" : "BX",
        "display" : "BRUNEI"
      },
      {
        "code" : "BU",
        "display" : "BULGARIA"
      },
      {
        "code" : "UV",
        "display" : "BURKINA FASO"
      },
      {
        "code" : "BM",
        "display" : "BURMA"
      },
      {
        "code" : "BY",
        "display" : "BURUNDI"
      },
      {
        "code" : "CB",
        "display" : "CAMBODIA"
      },
      {
        "code" : "CM",
        "display" : "CAMEROON"
      },
      {
        "code" : "CA",
        "display" : "CANADA"
      },
      {
        "code" : "CV",
        "display" : "CAPE VERDE"
      },
      {
        "code" : "CJ",
        "display" : "CAYMAN ISLANDS"
      },
      {
        "code" : "CT",
        "display" : "CENTRAL AFRICAN REPUBLIC"
      },
      {
        "code" : "CD",
        "display" : "CHAD"
      },
      {
        "code" : "CI",
        "display" : "CHILE"
      },
      {
        "code" : "CH",
        "display" : "CHINA"
      },
      {
        "code" : "KT",
        "display" : "CHRISTMAS ISLAND"
      },
      {
        "code" : "IP",
        "display" : "CLIPPERTON ISLAND"
      },
      {
        "code" : "CK",
        "display" : "COCOS (KEELING) ISLANDS"
      },
      {
        "code" : "CO",
        "display" : "COLOMBIA"
      },
      {
        "code" : "CN",
        "display" : "COMOROS"
      },
      {
        "code" : "CF",
        "display" : "CONGO (BRAZZAVILLE)"
      },
      {
        "code" : "CG",
        "display" : "CONGO (KINSHASA)"
      },
      {
        "code" : "CW",
        "display" : "COOK ISLANDS"
      },
      {
        "code" : "CR",
        "display" : "CORAL SEA ISLANDS"
      },
      {
        "code" : "CS",
        "display" : "COSTA RICA"
      },
      {
        "code" : "IV",
        "display" : "CÔTE D’IVOIRE"
      },
      {
        "code" : "HR",
        "display" : "CROATIA"
      },
      {
        "code" : "CU",
        "display" : "CUBA"
      },
      {
        "code" : "UC",
        "display" : "CURAÇAO"
      },
      {
        "code" : "CY",
        "display" : "CYPRUS"
      },
      {
        "code" : "EZ",
        "display" : "CZECH REPUBLIC"
      },
      {
        "code" : "DA",
        "display" : "DENMARK"
      },
      {
        "code" : "DX",
        "display" : "DHEKELIA"
      },
      {
        "code" : "DJ",
        "display" : "DJIBOUTI"
      },
      {
        "code" : "DO",
        "display" : "DOMINICA"
      },
      {
        "code" : "DR",
        "display" : "DOMINICAN REPUBLIC"
      },
      {
        "code" : "EC",
        "display" : "ECUADOR"
      },
      {
        "code" : "EG",
        "display" : "EGYPT"
      },
      {
        "code" : "ES",
        "display" : "EL SALVADOR"
      },
      {
        "code" : "EK",
        "display" : "EQUATORIAL GUINEA"
      },
      {
        "code" : "ER",
        "display" : "ERITREA"
      },
      {
        "code" : "EN",
        "display" : "ESTONIA"
      },
      {
        "code" : "ET",
        "display" : "ETHIOPIA"
      },
      {
        "code" : "PJ",
        "display" : "ETOROFU, HABOMAI, KUNASHIRI, AND SHIKOTAN ISLANDS"
      },
      {
        "code" : "EU",
        "display" : "EUROPA ISLAND"
      },
      {
        "code" : "FK",
        "display" : "FALKLAND ISLANDS (ISLAS MALVINAS)"
      },
      {
        "code" : "FO",
        "display" : "FAROE ISLANDS"
      },
      {
        "code" : "FJ",
        "display" : "FIJI"
      },
      {
        "code" : "FI",
        "display" : "FINLAND"
      },
      {
        "code" : "FR",
        "display" : "FRANCE"
      },
      {
        "code" : "FG",
        "display" : "FRENCH GUIANA"
      },
      {
        "code" : "FP",
        "display" : "FRENCH POLYNESIA"
      },
      {
        "code" : "FS",
        "display" : "FRENCH SOUTHERN AND ANTARCTIC LANDS"
      },
      {
        "code" : "GB",
        "display" : "GABON"
      },
      {
        "code" : "GA",
        "display" : "GAMBIA, THE"
      },
      {
        "code" : "GZ",
        "display" : "GAZA STRIP"
      },
      {
        "code" : "GG",
        "display" : "GEORGIA"
      },
      {
        "code" : "GM",
        "display" : "GERMANY"
      },
      {
        "code" : "GH",
        "display" : "GHANA"
      },
      {
        "code" : "GI",
        "display" : "GIBRALTAR"
      },
      {
        "code" : "GO",
        "display" : "GLORIOSO ISLANDS"
      },
      {
        "code" : "GR",
        "display" : "GREECE"
      },
      {
        "code" : "GL",
        "display" : "GREENLAND"
      },
      {
        "code" : "GJ",
        "display" : "GRENADA"
      },
      {
        "code" : "GP",
        "display" : "GUADELOUPE"
      },
      {
        "code" : "GT",
        "display" : "GUATEMALA"
      },
      {
        "code" : "GK",
        "display" : "GUERNSEY"
      },
      {
        "code" : "GV",
        "display" : "GUINEA"
      },
      {
        "code" : "PU",
        "display" : "GUINEA-BISSAU"
      },
      {
        "code" : "GY",
        "display" : "GUYANA"
      },
      {
        "code" : "HA",
        "display" : "HAITI"
      },
      {
        "code" : "HM",
        "display" : "HEARD ISLAND AND MCDONALD ISLANDS"
      },
      {
        "code" : "HO",
        "display" : "HONDURAS"
      },
      {
        "code" : "HK",
        "display" : "HONG KONG"
      },
      {
        "code" : "HQ",
        "display" : "HOWLAND ISLAND"
      },
      {
        "code" : "HU",
        "display" : "HUNGARY"
      },
      {
        "code" : "IC",
        "display" : "ICELAND"
      },
      {
        "code" : "IN",
        "display" : "INDIA"
      },
      {
        "code" : "ID",
        "display" : "INDONESIA"
      },
      {
        "code" : "IR",
        "display" : "IRAN"
      },
      {
        "code" : "IZ",
        "display" : "IRAQ"
      },
      {
        "code" : "EI",
        "display" : "IRELAND"
      },
      {
        "code" : "IM",
        "display" : "ISLE OF MAN"
      },
      {
        "code" : "IS",
        "display" : "ISRAEL"
      },
      {
        "code" : "IT",
        "display" : "ITALY"
      },
      {
        "code" : "JM",
        "display" : "JAMAICA"
      },
      {
        "code" : "JN",
        "display" : "JAN MAYEN"
      },
      {
        "code" : "JA",
        "display" : "JAPAN"
      },
      {
        "code" : "DQ",
        "display" : "JARVIS ISLAND"
      },
      {
        "code" : "JE",
        "display" : "JERSEY"
      },
      {
        "code" : "JQ",
        "display" : "JOHNSTON ATOLL"
      },
      {
        "code" : "JO",
        "display" : "JORDAN"
      },
      {
        "code" : "JU",
        "display" : "JUAN DE NOVA ISLAND"
      },
      {
        "code" : "KZ",
        "display" : "KAZAKHSTAN"
      },
      {
        "code" : "KE",
        "display" : "KENYA"
      },
      {
        "code" : "KR",
        "display" : "KIRIBATI"
      },
      {
        "code" : "KN",
        "display" : "KOREA, NORTH"
      },
      {
        "code" : "KS",
        "display" : "KOREA, SOUTH"
      },
      {
        "code" : "KV",
        "display" : "KOSOVO"
      },
      {
        "code" : "KU",
        "display" : "KUWAIT"
      },
      {
        "code" : "KG",
        "display" : "KYRGYZSTAN"
      },
      {
        "code" : "LA",
        "display" : "LAOS"
      },
      {
        "code" : "LG",
        "display" : "LATVIA"
      },
      {
        "code" : "LE",
        "display" : "LEBANON"
      },
      {
        "code" : "LT",
        "display" : "LESOTHO"
      },
      {
        "code" : "LI",
        "display" : "LIBERIA"
      },
      {
        "code" : "LY",
        "display" : "LIBYA"
      },
      {
        "code" : "LS",
        "display" : "LIECHTENSTEIN"
      },
      {
        "code" : "LH",
        "display" : "LITHUANIA"
      },
      {
        "code" : "LU",
        "display" : "LUXEMBOURG"
      },
      {
        "code" : "MC",
        "display" : "MACAU"
      },
      {
        "code" : "MK",
        "display" : "MACEDONIA"
      },
      {
        "code" : "MA",
        "display" : "MADAGASCAR"
      },
      {
        "code" : "MI",
        "display" : "MALAWI"
      },
      {
        "code" : "MY",
        "display" : "MALAYSIA"
      },
      {
        "code" : "MV",
        "display" : "MALDIVES"
      },
      {
        "code" : "ML",
        "display" : "MALI"
      },
      {
        "code" : "MT",
        "display" : "MALTA"
      },
      {
        "code" : "RM",
        "display" : "MARSHALL ISLANDS"
      },
      {
        "code" : "MB",
        "display" : "MARTINIQUE"
      },
      {
        "code" : "MR",
        "display" : "MAURITANIA"
      },
      {
        "code" : "MP",
        "display" : "MAURITIUS"
      },
      {
        "code" : "MF",
        "display" : "MAYOTTE"
      },
      {
        "code" : "MX",
        "display" : "MEXICO"
      },
      {
        "code" : "FM",
        "display" : "MICRONESIA, FEDERATED STATES OF"
      },
      {
        "code" : "MQ",
        "display" : "MIDWAY ISLANDS"
      },
      {
        "code" : "MD",
        "display" : "MOLDOVA"
      },
      {
        "code" : "MN",
        "display" : "MONACO"
      },
      {
        "code" : "MG",
        "display" : "MONGOLIA"
      },
      {
        "code" : "MJ",
        "display" : "MONTENEGRO"
      },
      {
        "code" : "MH",
        "display" : "MONTSERRAT"
      },
      {
        "code" : "MO",
        "display" : "MOROCCO"
      },
      {
        "code" : "MZ",
        "display" : "MOZAMBIQUE"
      },
      {
        "code" : "WA",
        "display" : "NAMIBIA"
      },
      {
        "code" : "NR",
        "display" : "NAURU"
      },
      {
        "code" : "NP",
        "display" : "NEPAL"
      },
      {
        "code" : "NL",
        "display" : "NETHERLANDS"
      },
      {
        "code" : "NC",
        "display" : "NEW CALEDONIA"
      },
      {
        "code" : "NZ",
        "display" : "NEW ZEALAND"
      },
      {
        "code" : "NU",
        "display" : "NICARAGUA"
      },
      {
        "code" : "NG",
        "display" : "NIGER"
      },
      {
        "code" : "NI",
        "display" : "NIGERIA"
      },
      {
        "code" : "NE",
        "display" : "NIUE"
      },
      {
        "code" : "NF",
        "display" : "NORFOLK ISLAND"
      },
      {
        "code" : "NO",
        "display" : "NORWAY"
      },
      {
        "code" : "ZZ",
        "display" : "NOT CLASSIFIABLE"
      },
      {
        "code" : "MU",
        "display" : "OMAN"
      },
      {
        "code" : "PK",
        "display" : "PAKISTAN"
      },
      {
        "code" : "PS",
        "display" : "PALAU"
      },
      {
        "code" : "LQ",
        "display" : "PALMYRA ATOLL"
      },
      {
        "code" : "PM",
        "display" : "PANAMA"
      },
      {
        "code" : "PP",
        "display" : "PAPUA NEW GUINEA"
      },
      {
        "code" : "PF",
        "display" : "PARACEL ISLANDS"
      },
      {
        "code" : "PA",
        "display" : "PARAGUAY"
      },
      {
        "code" : "PE",
        "display" : "PERU"
      },
      {
        "code" : "RP",
        "display" : "PHILIPPINES"
      },
      {
        "code" : "PC",
        "display" : "PITCAIRN ISLAND"
      },
      {
        "code" : "PL",
        "display" : "POLAND"
      },
      {
        "code" : "PO",
        "display" : "PORTUGAL"
      },
      {
        "code" : "QA",
        "display" : "QATAR"
      },
      {
        "code" : "RE",
        "display" : "REUNION"
      },
      {
        "code" : "RO",
        "display" : "ROMANIA"
      },
      {
        "code" : "RS",
        "display" : "RUSSIA"
      },
      {
        "code" : "RW",
        "display" : "RWANDA"
      },
      {
        "code" : "TB",
        "display" : "SAINT BARTHÉLEMY"
      },
      {
        "code" : "SH",
        "display" : "SAINT HELENA, ASCENSION AND TRISTAN DA CUNHA"
      },
      {
        "code" : "SC",
        "display" : "SAINT KITTS AND NEVIS"
      },
      {
        "code" : "ST",
        "display" : "SAINT LUCIA"
      },
      {
        "code" : "RN",
        "display" : "SAINT MARTIN"
      },
      {
        "code" : "SB",
        "display" : "SAINT PIERRE AND MIQUELON"
      },
      {
        "code" : "VC",
        "display" : "SAINT VINCENT AND THE GRENADINES"
      },
      {
        "code" : "WS",
        "display" : "SAMOA"
      },
      {
        "code" : "SM",
        "display" : "SAN MARINO"
      },
      {
        "code" : "TP",
        "display" : "SAO TOME AND PRINCIPE"
      },
      {
        "code" : "SA",
        "display" : "SAUDI ARABIA"
      },
      {
        "code" : "SG",
        "display" : "SENEGAL"
      },
      {
        "code" : "RI",
        "display" : "SERBIA"
      },
      {
        "code" : "SE",
        "display" : "SEYCHELLES"
      },
      {
        "code" : "SL",
        "display" : "SIERRA LEONE"
      },
      {
        "code" : "SN",
        "display" : "SINGAPORE"
      },
      {
        "code" : "NN",
        "display" : "SINT MAARTEN"
      },
      {
        "code" : "LO",
        "display" : "SLOVAKIA"
      },
      {
        "code" : "SI",
        "display" : "SLOVENIA"
      },
      {
        "code" : "BP",
        "display" : "SOLOMON ISLANDS"
      },
      {
        "code" : "SO",
        "display" : "SOMALIA"
      },
      {
        "code" : "SF",
        "display" : "SOUTH AFRICA"
      },
      {
        "code" : "SX",
        "display" : "SOUTH GEORGIA AND SOUTH SANDWICH ISLANDS"
      },
      {
        "code" : "OD",
        "display" : "SOUTH SUDAN"
      },
      {
        "code" : "SP",
        "display" : "SPAIN"
      },
      {
        "code" : "PG",
        "display" : "SPRATLY ISLANDS"
      },
      {
        "code" : "CE",
        "display" : "SRI LANKA"
      },
      {
        "code" : "SU",
        "display" : "SUDAN"
      },
      {
        "code" : "NS",
        "display" : "SURINAME"
      },
      {
        "code" : "SV",
        "display" : "SVALBARD"
      },
      {
        "code" : "WZ",
        "display" : "SWAZILAND"
      },
      {
        "code" : "SW",
        "display" : "SWEDEN"
      },
      {
        "code" : "SZ",
        "display" : "SWITZERLAND"
      },
      {
        "code" : "SY",
        "display" : "SYRIA"
      },
      {
        "code" : "TW",
        "display" : "TAIWAN"
      },
      {
        "code" : "TI",
        "display" : "TAJIKISTAN"
      },
      {
        "code" : "TZ",
        "display" : "TANZANIA"
      },
      {
        "code" : "TH",
        "display" : "THAILAND"
      },
      {
        "code" : "TT",
        "display" : "TIMOR-LESTE"
      },
      {
        "code" : "TO",
        "display" : "TOGO"
      },
      {
        "code" : "TL",
        "display" : "TOKELAU"
      },
      {
        "code" : "TN",
        "display" : "TONGA"
      },
      {
        "code" : "TD",
        "display" : "TRINIDAD AND TOBAGO"
      },
      {
        "code" : "TE",
        "display" : "TROMELIN ISLAND"
      },
      {
        "code" : "TS",
        "display" : "TUNISIA"
      },
      {
        "code" : "TU",
        "display" : "TURKEY"
      },
      {
        "code" : "TX",
        "display" : "TURKMENISTAN"
      },
      {
        "code" : "TK",
        "display" : "TURKS AND CAICOS ISLANDS"
      },
      {
        "code" : "TV",
        "display" : "TUVALU"
      },
      {
        "code" : "UG",
        "display" : "UGANDA"
      },
      {
        "code" : "UP",
        "display" : "UKRAINE"
      },
      {
        "code" : "AE",
        "display" : "UNITED ARAB EMIRATES"
      },
      {
        "code" : "UK",
        "display" : "UNITED KINGDOM"
      },
      {
        "code" : "US",
        "display" : "UNITED STATES"
      },
      {
        "code" : "UY",
        "display" : "URUGUAY"
      },
      {
        "code" : "UZ",
        "display" : "UZBEKISTAN"
      },
      {
        "code" : "NH",
        "display" : "VANUATU"
      },
      {
        "code" : "VT",
        "display" : "VATICAN CITY"
      },
      {
        "code" : "VE",
        "display" : "VENEZUELA"
      },
      {
        "code" : "VM",
        "display" : "VIETNAM"
      },
      {
        "code" : "VI",
        "display" : "VIRGIN ISLANDS, BRITISH"
      },
      {
        "code" : "WQ",
        "display" : "WAKE ISLAND"
      },
      {
        "code" : "WF",
        "display" : "WALLIS AND FUTUNA"
      },
      {
        "code" : "WE",
        "display" : "WEST BANK"
      },
      {
        "code" : "WI",
        "display" : "WESTERN SAHARA"
      },
      {
        "code" : "YM",
        "display" : "YEMEN"
      },
      {
        "code" : "ZA",
        "display" : "ZAMBIA"
      },
      {
        "code" : "ZI",
        "display" : "ZIMBABWE"
      }]
    }]
  }
}