{
  "id": "usps",
  "resourceType": "CodeSystem",
  "url": "https://www.usps.com/",
  "name": "USStateCodes",
  "title": "US State Codes",
  "status": "active",
  "experimental": false,
  "date": "2013-12-05",
  "publisher": "Health Intersections",
  "description": "Country Codes as defined by US Postal Service",
  "caseSensitive": true,
  "content": "complete",
  "concept": [
    {
      "code": "AK",
      "display": "Alaska"
    },
    {
      "code": "AL",
      "display": "Alabama"
    },
    {
      "code": "AR",
      "display": "Arkansas"
    },
    {
      "code": "AS",
      "display": "American Samoa"
    },
    {
      "code": "AZ",
      "display": "Arizona"
    },
    {
      "code": "CA",
      "display": "California"
    },
    {
      "code": "CO",
      "display": "Colorado"
    },
    {
      "code": "CT",
      "display": "Connecticut"
    },
    {
      "code": "DC",
      "display": "District of Columbia"
    },
    {
      "code": "DE",
      "display": "Delaware"
    },
    {
      "code": "FL",
      "display": "Florida"
    },
    {
      "code": "FM",
      "display": "Federated States of Micronesia"
    },
    {
      "code": "GA",
      "display": "Georgia"
    },
    {
      "code": "GU",
      "display": "Guam"
    },
    {
      "code": "HI",
      "display": "Hawaii"
    },
    {
      "code": "IA",
      "display": "Iowa"
    },
    {
      "code": "ID",
      "display": "Idaho"
    },
    {
      "code": "IL",
      "display": "Illinois"
    },
    {
      "code": "IN",
      "display": "Indiana"
    },
    {
      "code": "KS",
      "display": "Kansas"
    },
    {
      "code": "KY",
      "display": "Kentucky"
    },
    {
      "code": "LA",
      "display": "Louisiana"
    },
    {
      "code": "MA",
      "display": "Massachusetts"
    },
    {
      "code": "MD",
      "display": "Maryland"
    },
    {
      "code": "ME",
      "display": "Maine"
    },
    {
      "code": "MH",
      "display": "Marshall Islands"
    },
    {
      "code": "MI",
      "display": "Michigan"
    },
    {
      "code": "MN",
      "display": "Minnesota"
    },
    {
      "code": "MO",
      "display": "Missouri"
    },
    {
      "code": "MP",
      "display": "Northern Mariana Islands"
    },
    {
      "code": "MS",
      "display": "Mississippi"
    },
    {
      "code": "MT",
      "display": "Montana"
    },
    {
      "code": "NC",
      "display": "North Carolina"
    },
    {
      "code": "ND",
      "display": "North Dakota"
    },
    {
      "code": "NE",
      "display": "Nebraska"
    },
    {
      "code": "NH",
      "display": "New Hampshire"
    },
    {
      "code": "NJ",
      "display": "New Jersey"
    },
    {
      "code": "NM",
      "display": "New Mexico"
    },
    {
      "code": "NV",
      "display": "Nevada"
    },
    {
      "code": "NY",
      "display": "New York"
    },
    {
      "code": "OH",
      "display": "Ohio"
    },
    {
      "code": "OK",
      "display": "Oklahoma"
    },
    {
      "code": "OR",
      "display": "Oregon"
    },
    {
      "code": "PA",
      "display": "Pennsylvania"
    },
    {
      "code": "PR",
      "display": "Puerto Rico"
    },
    {
      "code": "PW",
      "display": "Palau"
    },
    {
      "code": "RI",
      "display": "Rhode Island"
    },
    {
      "code": "SC",
      "display": "South Carolina"
    },
    {
      "code": "SD",
      "display": "South Dakota"
    },
    {
      "code": "TN",
      "display": "Tennessee"
    },
    {
      "code": "TX",
      "display": "Texas"
    },
    {
      "code": "UM",
      "display": "U.S. Minor Outlying Islands"
    },
    {
      "code": "UT",
      "display": "Utah"
    },
    {
      "code": "VA",
      "display": "Virginia"
    },
    {
      "code": "VI",
      "display": "Virgin Islands of the U.S."
    },
    {
      "code": "VT",
      "display": "Vermont"
    },
    {
      "code": "WA",
      "display": "Washington"
    },
    {
      "code": "WI",
      "display": "Wisconsin"
    },
    {
      "code": "WV",
      "display": "West Virginia"
    },
    {
      "code": "WY",
      "display": "Wyoming"
    }
  ]
}